Consumption,Seats,Volume,Year,Engine_volume,Maximum_power,Cylinders,Speed_to_100,Doors,Width,Length,Height,Volume_fuel_tank,Maximum_speed,Full_weight
9.8,5,2.9,2020,2925,249,6,7.4,5,1931,4817,1969,75,199,3150
7.4,5,2,2020,1991,197,4,7.9,5,1890,4655,1644,50,215,2118.954230712567
6.4,5,2,2020,1950,245,4,7.2,5,1947,4924,1772,65,225,2910
8,5,2.9,2020,2925,249,6,6.6,5,2010,4939,1730,65,226,3040
13.3,5,4,2019,3982,585,8,4.5,5,1984,4873,1984,100,220,3200
7.5,5,2,2020,1998,146,4,11.4,5,1810,4695,1703,60,193,1985
8,5,3,2020,2967,249,6,6.9,5,1970,5063,1741,75,225,2770
7.5,5,2,2020,1968,199,4,10.3,4,1904,4904,1970,70,198,3080
7.4,5,2,2020,1997,249,4,6.8,5,1936,4731,1652,60,217,2460
7.4,6,2,2020,1968,199,4,10.2,4,1904,5304,1970,70,187,3080
7.3,5,2,2019,1997,144,4,10.5,5,1806,4394,1624,55,182,1950
6,5,2,2020,1984,150,4,8.9,4,1847,4762,1428,54,225,2035
7.5,5,2,2020,1997,144,4,12.1,5,1820,4690,1700,60,180,2060
10.7,7,3.5,2020,3498,262,6,8.4,5,1960,5093,1742,73,190,2680
8.6,5,2,2019,1997,249,4,7.3,5,1903,4693,1678,60,220,2296
6.3,5,1.4,2020,1395,150,4,8.8,5,1841,4382,1603,50,199,1925
8.8,5,2,2020,1967,190,4,9,5,1846,4620,1690,56,195,2230
7.3,5,2,2020,1991,197,4,7.6,4,1852,4935,1460,50,232,2425
8.3,5,2,2017,1968,180,4,10.9,4,1954,5254,1834,80,179,3040
5.5,5,1.3,2020,1332,163,4,8.2,4,1830,4688,1439,43,229,1950
6.8,5,2,2020,1984,249,4,6.3,5,1893,4663,1659,70,237,2400
6.6,6,2.1,2015,2143,190,4,9.1,5,1928,5370,1880,57,206,3050
6.2,5,1.6,2019,1595,150,4,8.3,4,1810,4686,1442,41,225,2045
6.8,5,2,2020,1984,245,4,6,4,1886,4939,1457,63,250,2310
8.9,4,3,2017,2996,367,6,5.8,4,1899,5462,1498,80,250,2118.954230712567
6,5,1.3,2020,1332,150,4,8.7,5,1834,4410,1611,43,210,2010
7.7,5,2,2020,1998,150,4,11.7,5,1770,4295,1615,60,191,1970
7.5,5,2,2020,1991,249,4,6.3,5,1890,4731,1600,50,240,2435
7.4,5,2.4,2020,2442,181,4,11.4,5,1815,4785,1800,68,180,2118.954230712567
7.8,5,2,2020,1998,143,4,10.7,5,1822,4315,1695,50,180,1841
7.8,5,2,2018,1998,143,4,10.3,5,1822,4315,1695,50,180,1870
6.9,5,1.6,2020,1596,106,4,11.2,4,1764,4410,1497,55,175,1670
6.8,5,1.6,2020,1596,87,4,11.6,4,1700,4268,1500,50,172,1560
6,5,1.6,2020,1598,90,4,11.4,5,1706,4485,1475,55,184,1655
2.1,4,2,2019,1969,407,4,5.6,5,1923,4950,1776,71,230,3010
8.9,4,3,2020,2999,435,6,4.4,2,2055,4848,1430,66,250,2425
8.7,5,2,2020,1969,190,4,8.5,5,1863,4425,1652,54,220,2250
11.5,5,4,2020,3982,612,8,3.8,5,1947,4937,1797,65,280,2118.954230712567
7.5,5,3,2013,2988,243,6,8.2,5,1943,4828,1802,94,202,2949
7.3,5,2,2019,1969,249,4,6.8,5,1999,4688,1658,60,220,2118.954230712567
7.2,5,3,2019,2993,400,6,5.2,5,2004,4935,1696,83,250,3010
5.6,5,2,2020,1999,150,4,10.5,5,1984,4395,1649,56,193,2400
7.7,5,1.5,2019,1499,150,4,11.4,5,1805,4405,1685,63.83102966998334,195,2118.954230712567
7.5,5,2,2020,1984,180,4,7.4,5,1849,4484,1585,60,220,2150
6.6,5,2,2020,1987,149,4,11,5,1855,4600,1685,55,190,2120
11.3,5,4,2019,3982,639,8,3.2,5,1871,5054,1455,66,315,2120
8.3,5,2.5,2019,2487,181,4,9.9,4,1839,4879,1445,60,210,2100
7.2,5,2,2020,1984,180,4,7.4,5,1840,4500,1560,60,220,2150
7.4,5,1.6,2020,1598,82,4,13.8,5,1757,4083,1626,50,160,1540
7.2,5,2,2020,1969,190,4,7.1,4,1850,4761,1431,55,210,2190
5.7,5,1.5,2020,1499,140,3,9.7,5,1821,4447,1598,51,203,2025
6.9,5,3,2020,2993,249,6,8,5,2073,5000,1869,86,209,3100
8.2,5,1.5,2020,1499,150,4,9,5,1846,4615,1655,56,180,2115
9.9,5,4,2020,3982,510,8,4,4,1839,4757,1426,66,290,2180
5.8,5,1.6,2019,1598,90,4,11.4,5,1706,4483,1461,55,185,1665
7.4,5,2,2020,1991,306,4,4.7,5,1850,4445,1407,51,250,2055
5.3,5,2,2020,1998,192,4,6.7,3,1727,3850,1414,44,235,1640
11.5,5,4,2020,3982,612,8,3.8,5,2010,4939,1730,85,280,2118.954230712567
7,5,2,2019,1998,249,4,6.2,4,1902,5120,1467,78,250,2385
7.8,5,2,2020,1999,150,4,10.6,4,1860,4900,1465,60,205,2030
6.6,5,1.6,2020,1591,123,4,11.2,4,1729,4405,1469,50,192,1610
7.6,5,2,2018,1998,249,4,6.3,5,1891,4708,1676,60,240,2385
6.2,5,2,2020,1995,231,4,7.5,5,2004,4922,1745,83,222,2820
5.8,5,1.5,2020,1499,140,3,9.6,5,1824,4360,1526,51,205,2005
5.7,5,2,2020,1998,156,4,8.4,4,1827,4709,1442,40,223,2050
8,4,3,2020,2995,340,6,5.7,4,1945,5302,1485,72,250,2745
5.4,5,1.5,2020,1499,140,3,8.7,4,1800,4526,1420,42,215,1905
8.7,5,4,2020,3956,422,8,4.8,5,1970,5066,1743,85,250,2118.954230712567
6.3,5,3,2020,2993,320,6,5.1,4,1932,5082,1407,68,250,2560
11.9,6,4,2020,3982,612,8,4.2,5,1956,5243,1836,90,280,3395
12.7,5,4.4,2020,4395,600,8,3.9,5,2019,4941,1692,83,250,3000
5.4,5,2,2020,1999,180,4,8.9,5,2032,4803,1665,60,209,2490
8.3,5,2,2020,1999,150,4,11.8,5,1850,4480,1655,62,180,2080
5.6,5,2,2020,1999,150,4,11.2,5,1904,4371,1649,65,196,2490
6,5,1.6,2019,1586,117,4,12.5,5,1775,4175,1610,47,180,1730
6.5,5,1.6,2018,1598,150,4,8.1,4,1789,4621,1496,60,207,1810
7.2,5,3,2020,2993,249,6,8.1,5,2073,4970,1846,77,209,3050
6.2,8,2,2019,1997,150,4,12.3,5,1920,4956,1950,70,183,3000
6.9,5,1.6,2020,1598,114,4,15.2,5,1820,4545,1565,50,172,1926
6.9,5,3,2019,2993,249,6,7.6,5,2073,4879,1803,77,209,2755
6.4,5,1.6,2020,1598,110,4,10.7,5,1706,4469,1471,55,195,1650
5.8,5,1.4,2020,1395,150,4,8.1,5,1829,4689,1470,45,227,1824
7.1,5,1.6,2020,1598,82,4,13.9,4,1733,4359,1517,50,163,1545
5.8,5,1.8,2017,1798,180,4,7.4,5,1814,4670,1461,50,231,1845
5.3,5,1.5,2019,1498,150,4,8.7,4,1832,4775,1483,66,220,2000
10.6,4,4.4,2020,4395,625,8,3.2,2,1907,4867,1362,68,250,2385
6.5,5,1.4,2020,1395,125,4,10.5,5,1839,4486,1673,58,190,1960
13,5,4.4,2020,4395,625,8,3.8,5,2015,4938,1717,83,250,3000
7.3,6,3,2019,2993,249,6,7,5,2000,5151,1805,83,227,3220
6,5,1.6,2020,1586,117,4,12.4,5,1785,4300,1585,47,170,1720
4.9,5,2,2018,1997,178,4,8.6,5,1840,4500,1670,53,211,2110
6,6,2,2020,1977,150,4,12.4,5,1920,4956,1905,69,184,3100
4.9,5,1.6,2020,1560,114,4,11.6,4,1802,4698,1535,60,188,1805
4.8,5,2,2020,1997,150,4,9.6,5,1841,4447,1624,52,200,2090
5.5,5,1.3,2020,1332,150,4,8.1,4,1796,4549,1446,43,230,1915
6.5,5,1.2,2020,1199,110,3,10.6,5,1765,4155,1637,45,183,1805
6.8,5,1.8,2017,1774,122,4,10.9,5,1764,4165,1570,50,186,1650
6.8,4,3,2020,2995,340,6,5.3,5,1908,4969,1422,63,250,2470
7.1,5,3,2020,2967,249,6,6.8,5,1984,4878,1717,75,238,2850
5.5,5,2,2020,1950,150,4,9.3,5,1834,4634,1658,52,201,2250
9.1,4,3,2017,2997,405,6,5,2,1850,4690,1395,80,250,2265
7.4,5,2,2020,1969,249,4,7.4,5,1879,4939,1543,60,230,2118.954230712567
5.9,4,2.9,2018,2925,340,6,5,4,1890,4988,1435,50,250,2545
6.2,5,1.5,2020,1485,106,4,11.7,4,1735,4479,1514,47,169,1590
9.6,5,2.4,2019,2360,150,4,10.423527447894209,5,1874,4394,1644,60,197.15641361256544,2118.954230712567
5.6,5,2,2020,1995,190,4,8,5,1918,4752,1621,65,213,2400
7.4,2,3,2019,2998,340,6,4.5,2,1864,4324,1304,52,250,1860
6,5,1.5,2020,1485,105,4,12.2,4,1690,4330,1505,45,178,1520
6.4,5,1.6,2020,1598,110,4,12.7,4,1799,4702,1459,50,187,1830
16.6,4,6,2008,5998,560,12,4.8,2,1965,4804,1390,90,318,2800
16.2,5,6.2,2011,6156,409,8,6.8,5,2007,5144,1887,98,170,3221
13.7,2,5.2,2020,5204,640,10,2.9,2,1924,4459,1165,80,325,2118.954230712567
10.8,5,4.4,2018,4395,625,8,3.3,4,1903,4965,1473,68,250,2440
10.6,5,4.4,2020,4395,625,8,3.3,4,1903,4983,1473,68,250,2440
9.8,5,3,2012,2987,224,6,9.5,5,1920,5099,1840,100,210,3250
9.2,5,2,2019,1998,197,4,8,5,1869,4831,1400,63.83102966998334,197.15641361256544,2118.954230712567
16.7,8,5.7,2012,5663,381,8,6.7,5,2027,5210,1895,100,197.15641361256544,3221
2.1,4,1.5,2015,1499,231,3,4.4,2,1942,4689,1293,30,250,1855
6.9,5,2,2014,1984,300,4,4.9,3,1799,4276,1436,55,250,1980
13.4,5,4,2006,3956,239,6,8.4,5,1895,4671,1811,72,180,2549
14,4,6.6,2014,6592,632,12,4.6,2,1947,5269,1507,82,250,2118.954230712567
14.5,4,6,2014,5998,635,12,4.2,2,1944,4806,1404,90,330,2750
9,8,2.5,2016,2497,170,4,14.4,5,1920,5150,1925,75,180,3030
7.3,4,1.3,2007,1328,85,4,14.1,3,1600,3645,1705,40,140,1420
14.7,7,6.2,2020,6156,426,8,6.5,5,2044,5179,1889,98,240,3311
10.2,5,4.5,2017,4461,249,8,8.9,5,1980,4950,1955,93,210,3350
8.2,5,2.5,2014,2498,171,4,9.9,5,1795,4595,1735,60,196,1850
8.9,5,3,2016,2996,333,6,6,5,2003,4900,1700,93,245,2850
8,5,3,2015,2987,249,6,7.9,5,2141,5120,1850,100,220,3250
9.3,5,3,2019,2995,340,6,6,5,1983,4931,1676,75,243,2795
8,5,2.5,2009,2460,174,5,11.8,5,1904,4890,1945,80,188,3000
10.2,5,3.6,2017,3604,309,6,6.6,2,1923,5022,1450,75,251,2472
8.2,4,2.9,2017,2894,440,6,4.4,5,1937,5049,1423,75,289,2495
15.9,5,5.4,2008,5439,507,8,5.5,5,1760,4662,1931,96,210,3200
4.8,5,3,2017,2993,265,6,5.9,4,1902,5238,1485,78,250,2580
14.5,7,5.6,2015,5552,405,8,6.6,5,1995,5160,1940,100,210,3400
14.5,7,5.6,2013,5552,405,8,6.5,5,2030,5290,1925,100,210,3450
8.6,5,2.5,2014,2500,208,6,8.1,4,1810,4665,1430,66,225,2090
9.2,4,2,2019,1998,197,4,8.6,4,1890,4990,1480,77,227,2520
9.7,5,2,2001,1973,147,4,12.5,5,1750,4520,1675,58,170,1900
8.4,5,2,1994,1984,90,4,13.6,4,1695,4405,1395,66,177,1650
6.3,5,3,2018,2993,313,6,5.8,5,1989,4909,1702,85,240,2820
8,5,1.8,2013,1798,160,4,8.4,5,1817,4833,1462,60,219,2150
9.3,5,3,2012,2993,245,6,9.6,5,1915,4829,1887,82,180,3240
7.4,5,3,2014,2967,245,6,7.6,5,1940,4795,1709,85,220,2860
10.4,7,2.7,2008,2720,190,6,11.7,5,1915,4835,1887,86,180,3180
9.3,5,3.5,2013,3456,249,6,7.1,4,1825,4825,1480,70,210,2100
7.1,5,1.6,2017,1591,123,4,12.1,5,1780,4270,1630,55,169,2118.954230712567
7,5,3,2011,2993,306,6,6,4,1902,5072,1497,82,250,2580
11.7,7,3.6,2018,3604,283,6,7.8,5,1953,5142,1750,76,180,2118.954230712567
6.8,5,2.4,2014,2400,215,5,8.3,5,1870,4838,1604,70,205,2400
13.1,8,3.5,2018,3496,456,6,5.7,5,2029,5636,1933,87,250,2118.954230712567
7,5,2.2,2013,2179,190,4,9.5,5,2005,4500,1740,68,190,2505
7.9,5,3,2016,2993,249,6,7.6,5,1983,4850,1780,77,210,2755
7.2,5,1.8,2011,1798,152,4,8.5,5,1817,4838,1462,60,220,2090
7.9,4,4,2019,3956,435,8,4.8,5,1998,5141,1742,85,270,3250
7.1,5,2,2014,1997,184,4,7.9,5,1798,4477,1545,63,215,2140
6.1,5,1.6,2016,1598,110,4,11.6,5,1706,4483,1461,55,191,1710
5.4,5,2.1,2017,2143,204,4,7.6,5,1890,4730,1600,50,222,2520
6.4,5,2,2016,1997,245,4,6.3,4,1860,4907,1464,70,250,2310
5.3,5,1.4,2015,1395,150,4,8.2,5,1814,4659,1461,50,219,1835
6.9,5,2,2020,1998,150,4,9.9,5,1840,4550,1690,56,189,2118.954230712567
11.1,5,4.4,2018,4395,575,8,4.2,5,1985,4880,1754,85,250,2970
7,4,3,2017,2998,326,6,4.9,2,1825,4638,1377,60,250,2145
6,5,1.4,2011,1390,125,4,9.6,5,1765,4286,1423,55,203,1860
6.6,5,2,2019,1991,211,4,6.6,5,1804,4424,1494,50,230,2015
13.4,7,6.2,2015,6162,409,8,6.8,5,2044,5181,1889,98,180,2118.954230712567
6.2,5,3,2015,2993,249,6,6.9,5,1938,4886,1762,85,230,2780
5.3,5,1.5,2015,1461,90,4,15.6,5,1822,4315,1625,50,156,1875
9.3,5,2.3,2008,2261,161,4,10.5,4,1886,4844,1500,70,207,2165
9.5,8,4.5,2016,4461,272,8,8.6,5,1981,5065,1864,93,210,3350
16,5,4.2,2008,4196,396,8,7.5,5,1956,4972,1902,105,210,3100
7.2,5,1.4,2011,1399,95,4,14.5,5,1695,4025,1470,45,168,1580
10.2,5,3.5,2015,3498,249,6,10.423527447894209,5,1935,4819,1796,93,197.15641361256544,2950
6.7,5,1.8,2007,1798,140,4,10.4,4,1750,4545,1435,50,200,1705
7.3,4,1.8,2011,1798,152,4,8.6,4,1855,4799,1417,70,222,1920
8.8,5,2.4,2012,2359,175,4,11.6,5,1885,4685,1710,70,186,2510
5.9,5,1.6,2017,1595,150,4,8.3,4,1810,4686,1442,41,225,1990
7.8,5,2.4,2017,2356,186,4,10.2,5,1854,4587,1679,53,190,2130
7.5,5,2,2016,1997,144,4,12.1,5,1820,4643,1695,60,180,2060
11,5,2.5,2008,2477,115,4,15.1,5,1695,4610,1720,74,150,2510
10.8,5,3,2005,2953,160,4,16.3,5,1840,5045,1840,95,160,3200
16.7,5,5,2001,4966,296,8,7.7,5,1760,4680,1935,96,190,3500
7.6,8,2.2,2020,2151,202,4,10.423527447894209,5,1995,5155,1775,63.83102966998334,197.15641361256544,2118.954230712567
7.4,5,2,2017,1987,146,4,11.1,5,1845,4605,1670,60,180,2050
6,5,1.6,2015,1586,117,4,12.5,5,1775,4175,1610,47,180,1730
10.2,7,4.5,2011,4461,235,8,9.5,5,1970,4950,1950,93,210,3300
12.8,5,5.5,2008,5461,388,8,5.8,5,1910,4788,1815,95,250,2830
5.2,5,2,2017,1995,190,4,8.1,5,1881,4657,1661,67,210,2365
5.7,5,1.5,2020,1477,150,3,8.4,5,1800,4330,1609,45,190,1715
6.5,5,1.6,2014,1598,150,4,8.5,5,1804,4253,1457,53,211,1780
14.8,5,4.7,2005,4664,270,8,8.1,5,1940,4890,1850,87,180,2810
10.1,5,3,2013,2979,306,6,6.8,5,1933,4857,1766,85,235,2750
8.5,5,1.5,2017,1497,143,4,11.2,5,1852,4649,1727,58,197.15641361256544,2118.954230712567
14.2,7,3.5,2000,3497,200,6,10.423527447894209,5,1875,4795,1855,90,197.15641361256544,2760
8.2,4,3,2014,2995,310,6,5.6,5,1911,4969,1420,65,250,2395
8,4,3,2016,2996,367,6,4.7,2,1877,4750,1400,66,250,2185
7.6,5,2,2013,1968,180,4,11.3,4,1944,5254,1834,80,174,3040
5.9,5,1.6,2015,1595,156,4,8.8,5,1804,4417,1494,50,215,1920
14.5,7,5.6,2013,5552,405,8,6.5,5,2030,5290,1925,100,210,3450
6.5,5,2.1,2014,2143,170,4,8.8,5,1840,4536,1669,66,205,2450
10.9,5,3.6,2016,3597,249,6,8.4,5,1940,4801,1709,85,220,2800
12.3,5,3.5,2007,3498,234,6,9.5,5,1880,4770,1705,82,200,2380
11.4,5,3.6,2011,3604,286,6,9.1,5,1943,4822,1781,93,206,2949
9.3,5,2.4,2007,2405,136,4,11.5,5,1850,4635,1755,65,185,2180
9.2,5,3,2012,2993,245,6,9.3,5,2004,4783,1784,84,193,3175
7.2,5,2.2,2011,2199,197,4,10.2,5,1890,4660,1760,75,190,2570
8.4,5,2.4,2014,2354,190,4,10.7,5,1820,4571,1685,58,184,2070
12.4,7,3.5,2012,3456,273,6,8.2,5,1910,4785,1760,72,180,2720
7.9,5,2,2014,1998,150,4,10.2,5,1799,4341,1625,63,190,1970
4.9,5,1.6,2014,1598,130,4,11.1,5,1806,4377,1590,55,183,2000
6.4,5,1.6,2013,1598,117,4,13,5,1780,4330,1615,65,174,1830
6.3,5,2,2016,1998,192,4,7.4,5,1821,4439,1598,61,223,2140
8.9,4,4,2017,3982,612,8,3.5,4,1915,5287,1499,70,250,2745
7.8,5,2,2018,1999,150,4,10.7,4,1860,4855,1485,70,202,2020
13.8,5,3.6,2007,3597,280,6,8.7,5,1928,4754,1726,100,215,2945
7.4,5,2,2018,1984,252,4,6.7,5,1923,4681,1624,75,229,2445
8.8,5,2.4,2014,2360,177,4,10.4,5,1859,4623,1669,60,187,2385
9.9,5,3,2015,2987,245,6,8.8,5,1867,4662,1951,96,192,3200
8.2,5,2,2011,1993,143,6,9.9,4,1810,4805,1450,65,207,1945
10.1,5,2.5,2007,2488,174,4,12.5,5,1850,4890,1839,80,174,2880
12.5,4,4.4,2012,4395,407,8,5.4,5,1983,4877,1699,85,250,2790
9.4,7,3,2017,2996,333,6,6.6,5,1934,5130,1850,100,240,3250
6.7,5,1.2,2011,1197,105,4,12.4,4,1794,4406,1822,60,169,2180
9.4,5,4.4,2013,4395,450,8,4.6,4,1902,5219,1481,80,250,2695
11.2,5,3.5,2014,3496,288,6,7.7,5,1930,4679,1702,68,178,2347
9.2,8,2.2,2016,2199,202,4,13.6,5,1985,5115,1755,80,197.15641361256544,2118.954230712567
12.1,5,5.5,2008,5461,388,8,5.4,4,1871,5079,1473,90,250,2545
11.3,5,3,2004,2976,218,6,8.1,4,1855,4916,1459,80,241,2240
14.9,5,5,2011,5000,510,8,6.2,5,2034,4972,1877,104,225,2118.954230712567
9.5,5,2.4,2008,2435,170,5,9.6,4,1813,4603,1428,70,210,1980
8.5,5,2.5,2020,2497,180,4,10.1,5,1900,4810,1695,63.83102966998334,195,2118.954230712567
6.6,5,1.8,2010,1799,140,4,9.1,4,1750,4545,1435,50,200,1675
9.1,5,4,2019,3982,612,8,3.4,4,1907,4993,1447,66,250,2525
8,5,2,2007,1998,156,4,11.3,5,1800,4415,1535,51,186,1930
8.2,5,1.8,2003,1781,150,4,9.2,4,1746,4703,1462,62,221,1930
8.3,5,4.1,2013,4134,382,8,5.7,5,1939,4846,1705,85,252,2935
10.7,5,3,2014,2997,249,6,8.6,5,1849,4673,1727,65,198,2352
10.3,4,5.5,2013,5461,585,8,4,4,1915,5287,1499,70,250,2725
6.8,5,1.4,2008,1364,90,4,14.8,3,1713,3999,1488,45,166,1545
9.5,5,2.4,2017,2359,171,4,11.5,5,1880,4690,1680,64,190,2510
7.8,5,2.2,2016,2199,200,4,9.6,5,1890,4780,1685,71,203,2510
9.5,5,2.4,2020,2378,149,4,10.423527447894209,5,1831,4519,1694,60,185,2025
6.6,5,1.6,2014,1598,115,4,12,5,1804,4515,1500,52,191,1845
8.2,5,3,2012,2995,300,6,5.5,4,1874,4915,1455,65,250,2350
8.6,5,2.4,2011,2360,170,4,11.3,5,1812,4448,1718,51,185,1980
4.2,4,1,2018,999,71,3,16.9,5,1665,3495,1554,28,151,1435
7.7,5,1.6,2013,1597,182,4,9.7,5,1838,4524,1745,60,200,2250
7.2,5,1.8,2013,1796,115,4,12.9,5,1928,4658,1685,58,185,2150
7.5,5,1.6,2007,1596,81,4,14,5,1680,4285,1480,43,165,1550
11.5,5,4.3,2004,4266,279,8,7.1,4,1855,5042,1448,88,250,2400
7.4,5,2,2017,1999,150,4,9.3,4,1780,4560,1445,50,205,2118.954230712567
9.4,5,2.5,2006,2497,218,6,7.9,4,1846,4841,1482,70,242,2055
6.9,5,1.6,2015,1591,132,4,11.6,4,1775,4550,1445,50,195,1800
7,5,2.2,2012,2179,150,4,11.2,5,2005,4500,1740,70,181,2505
9.3,5,2.4,2011,2360,170,4,10.8,5,1800,4665,1680,63,190,2290
9.9,5,2,2011,1984,170,4,9.9,5,1809,4427,1686,64,197,2220
13.9,5,4.4,2010,4395,555,8,4.7,5,1994,4851,1764,85,250,2905
9.8,5,2.7,2011,2672,188,4,11,5,1885,4770,1725,72,200,2410
6.8,5,1.6,2014,1598,113,4,14,5,1810,4160,1670,52,180,1645
6.4,5,1.5,2008,1499,109,4,11.6,4,1760,4570,1505,55,191,1750
6.7,5,1.6,2010,1598,106,4,11.7,4,1809,4618,1479,60,183,1725
9,5,2.5,2002,2457,165,4,10.423527447894209,5,1735,4460,1595,60,197.15641361256544,2118.954230712567
5,5,1.4,2013,1395,122,4,9.3,5,1799,4255,1452,50,203,1750
8.6,5,2,2020,1997,139,4,10.423527447894209,5,1834,4540,1707,60,175,1915
9.1,5,2.5,2008,2499,208,6,8.4,4,1800,4575,1425,65,227,2055
11,7,3.5,2014,3496,294,6,8.7,5,2004,5006,1803,70,183,2930
5.4,5,2,2012,1968,110,4,12.1,5,1794,4397,1674,60,185,2180
7.3,5,1.6,2011,1598,109,4,12.5,4,1788,4597,1477,60,185,1788
6.2,5,1.4,2011,1390,122,4,9.8,4,1778,4644,1482,55,202,1850
8.2,7,2.5,2005,2461,131,5,15.3,4,1904,4890,1949,80,168,2118.954230712567
8,5,2,2018,1998,240,4,7.9,5,2069,4599,1724,65,200,2505
7.5,5,3,2010,2967,239,6,6.5,5,1880,4629,1653,75,225,2445
8.7,5,2,2010,1998,220,4,7.8,4,1856,4830,1498,70,240,2135
16.5,5,6.2,2008,6208,510,8,5,5,1951,4781,1863,95,250,2880
13.8,4,5,2015,4999,510,8,5.8,5,1983,5199,1840,105,225,3150
6.7,5,1.6,2013,1598,106,4,11.7,5,1808,4295,1471,60,185,1720
6.6,5,2,2014,1991,211,4,6.6,4,1777,4630,1432,50,240,2025
8.7,5,2,2014,1997,141,4,11.1,5,1790,4636,1700,65,181,2050
10.6,5,3.5,2011,3498,249,6,8,5,1885,4860,1720,82,210,2365
10.6,5,2.5,2011,2496,222,6,9.4,5,1800,4635,1600,80,210,2272
13.6,5,4.6,2015,4608,309,8,8.6,5,1970,4950,1950,93,205,3350
8.7,5,1.9,2010,1845,132,4,12.5,5,1765,4285,1715,57,175,1750
5.7,5,1.8,2017,1798,190,4,7.9,4,1874,4933,1455,65,233,2150
12.6,5,3.5,2004,3497,195,6,10.3,5,1863,4567,1730,80,192,2560
7.9,5,1.8,2008,1796,184,4,8.8,4,1770,4581,1447,66,230,1975
10.2,5,3,2008,2987,218,6,9,5,1870,4750,1740,80,200,2750
6.9,5,1.8,2013,1796,204,4,7.2,4,1770,4591,1447,67,240,2020
6.9,5,1.6,2011,1598,120,4,13,5,1815,4276,1498,60,188,1835
7.3,5,2.5,2015,2488,192,4,7.9,5,1840,4555,1670,56,194,2075
9.8,5,2.5,2011,2521,231,5,7.5,4,1861,4851,1493,70,235,2150
5.1,5,2,2012,1995,218,4,7,4,1860,4899,1464,70,234,2320
8,5,2,2004,1991,112,4,16.1,5,1795,4325,1680,58,162,2260
6.8,5,1.6,2016,1591,130,4,11.6,4,1780,4560,1445,50,195,1740
5.8,5,1.4,2017,1395,150,4,8.8,5,1864,4861,1468,66,220,1963
10.5,4,5.5,2011,5461,571,8,4.4,2,2130,5095,1419,90,300,2585
6.4,5,2,2008,1997,140,4,10.9,5,1854,4768,1658,70,191,2505
9.9,5,2.4,2007,2362,167,4,9.3,4,1820,4815,1480,70,205,1985
6.3,5,1.6,2012,1598,117,4,11.5,5,1765,4135,1565,46,170,1675
6.8,5,1.8,2013,1798,147,4,11.1,5,1790,4460,1620,60,185,2125
5.2,5,2,2017,1995,190,4,8,5,1881,4671,1624,67,212,2320
7.9,5,1.6,2019,1596,106,4,13.5,5,1750,4470,1636,50,165,1750
4.7,5,1.5,2004,1461,105,4,11.2,5,1777,4500,1467,60,186,1770
6.1,5,2,2015,1991,184,4,7.9,4,1854,4879,1474,59,233,2210
7.8,5,2,2010,1995,136,4,10.8,4,1817,4531,1421,63,208,1880
7.6,5,2,2010,1998,150,4,10.7,5,1820,4410,1660,58,181,2030
12.4,5,3.6,2006,3598,280,6,8.6,5,1928,4754,1726,100,218,2945
11.2,5,3.5,2009,3498,272,6,8.4,5,1911,4781,1815,95,225,2830
8.1,5,2,2008,1998,147,4,9.4,4,1760,4630,1480,60,210,1895
6.2,4,3,2017,2987,249,6,6.7,4,1881,4937,1418,59,245,2400
6.3,5,1.4,2013,1390,122,4,10.3,4,1820,4769,1470,70,203,1990
8.8,5,2,2020,1998,238,4,7.2,5,1845,4640,1645,60,200,2118.954230712567
8.9,5,2.3,2004,2261,166,4,10,4,1780,4670,1435,64,210,1890
6.5,5,1.6,2015,1591,123,4,11.2,4,1700,4375,1470,43,185,1565
5.7,5,1.5,2018,1499,136,3,9.6,5,1822,4299,1557,51,200,1975
5.8,5,1.3,2008,1339,83,4,14.9,5,1675,3845,1525,42,160,1510
6,5,1.7,2013,1685,136,4,12,5,1815,4770,1470,70,190,2150
8.6,5,2.5,2008,2477,136,4,14.6,4,1800,5000,1780,75,167,2850
8,5,2,2007,1998,155,4,10.5,4,1760,4665,1445,65,215,1920
6.6,5,1.6,2020,1591,123,4,11.2,4,1740,4420,1470,50,192,1610
11.3,7,3.7,2012,3726,277,6,10.1,5,1936,5096,1728,76,192,2712
7.3,5,2,2015,1998,146,4,11.1,5,1800,4695,1680,63,193,1985
7.7,5,2,2014,1984,170,4,7.8,5,1831,4385,1608,64,212,2155
7.6,5,1.6,2009,1595,102,4,12.4,4,1820,4765,1472,70,190,1950
7.1,5,1.8,2008,1798,160,4,8.6,4,1824,4703,1427,65,225,1960
7.1,5,1.6,2011,1590,117,4,14.1,4,1760,4570,1505,59,180,1750
5.9,5,1.2,2007,1198,70,3,14.9,5,1642,3992,1498,45,163,1585
7.4,5,2,2019,1999,150,4,9.8,4,1800,4640,1450,50,203,1720
9.9,4,2.3,2016,2300,317,4,5.8,2,1916,4784,1381,59,250,2118.954230712567
6.3,5,1.4,2012,1397,95,4,13.4,5,1730,4078,1621,50,178,1742
6.6,5,1.6,2010,1591,122,4,11.9,5,1790,4260,1480,53,187,1865
8.8,5,2.1,2014,2143,163,4,13,4,1901,5008,1875,75,174,2800
10.1,4,4.7,2010,4663,435,8,4.9,2,2130,5095,1419,83,250,2555
5.7,5,1.4,2008,1388,96,4,12.2,5,1722,3950,1433,45,175,1490
13.2,5,2.3,2010,2295,150,4,12.5,3,1841,4330,1840,70,165,2515
10.2,7,3,2011,2959,250,6,9.6,5,1915,4880,1765,82,190,2800
7.5,4,3,2010,2993,306,6,6.5,5,1983,4877,1690,85,236,2710
13.6,5,3.5,2010,3498,307,6,6.7,4,1798,4900,1509,76,206,2280
9,5,1.5,2012,1450,72,4,17,5,1620,4115,1443,45,143,1475
6.6,5,1.6,2019,1591,123,4,11.2,4,1729,4405,1469,50,192,1610
7.8,5,1.6,2006,1598,109,4,11.4,5,1725,4580,1460,60,187,1765
14.9,4,6.2,2007,6208,525,8,4.6,2,1871,5065,1419,90,250,2510
7.8,5,2.5,2016,2494,181,4,9,4,1825,4850,1480,70,210,2100
9.4,5,2.5,2010,2477,178,4,12.4,5,1815,4695,1800,70,176,2710
11.1,5,4.6,2007,4608,380,8,5.7,4,1875,5030,1465,84,250,2400
7.4,5,3,2012,2967,245,6,7.8,5,1983,5089,1731,100,215,2995
7.5,5,1.6,2012,1598,105,4,13.1,5,1755,4460,1470,55,173,1785
7.3,5,1.8,2008,1796,140,4,11.5,5,1801,4467,1635,58,197,2080
7.7,5,2.3,2012,2261,161,4,10.5,4,1886,4850,1500,70,207,2165
6.5,5,2.5,2014,2488,192,4,7.8,4,1840,4870,1450,62,223,1860
11.9,5,5.5,2018,5461,585,8,4.2,5,2003,4900,1700,93,250,3050
8,5,1.8,2012,1798,152,4,9,5,1793,4223,1691,55,192,2085
8.6,5,1.8,1999,1749,116,4,12.4,5,1765,4736,1502,70,189,2015
6.1,5,1.4,2019,1353,140,4,9.4,5,1800,4600,1475,50,205,1880
8.5,5,2,2006,1984,200,4,8,4,1781,4554,1459,55,233,1960
7,7,1.6,2010,1598,150,4,9.8,5,1830,4590,1680,60,204,2235
7.6,5,2,2005,1994,138,4,11.2,4,1730,4635,1425,64,197,1900
7.1,5,1.6,2008,1586,106,4,12.3,5,1730,4100,1565,50,170,1650
6,5,2.2,2015,2179,190,4,8.5,5,1965,4371,1660,65,195,2118.954230712567
11.2,5,3.5,2011,3471,275,6,8.9,5,2100,4999,1560,70,190,2300
8.6,5,2.4,2018,2359,184,4,9.6,5,1855,4485,1645,62,195,2118.954230712567
8.7,5,2.4,2015,2360,184,4,8.9,4,1830,4672,1465,50,228,2118.954230712567
6.6,5,1.9,1999,1896,90,4,19.3,5,1810,4615,1728,75,160,2400
6.4,4,1.6,2011,1598,184,4,7.2,3,1683,3729,1407,50,223,1615
8.1,5,3.5,2011,3498,306,6,6.9,4,1871,5096,1485,90,250,2580
11.8,4,5,2013,4951,420,8,4.8,2,1877,4778,1412,61,281,2118.954230712567
6,5,1.4,2006,1388,80,4,14.6,5,1685,3918,1468,45,166,1520
8.5,5,2.2,2010,2179,160,4,11.2,5,1910,4500,1740,70,181,2505
5.9,5,1.5,2008,1468,90,4,10.423527447894209,4,1715,4535,1445,50,197.15641361256544,2118.954230712567
6.4,5,2,2014,1984,220,4,6.9,5,1814,4685,1449,50,245,1912
6.9,5,1.6,2007,1598,124,4,10.4,4,1760,4540,1470,55,195,1760
5.7,5,1.2,2012,1197,105,4,10.6,5,1786,4199,1479,55,190,1790
8.9,5,1.8,2003,1796,192,4,8.2,2,1728,4343,1406,62,236,1945
7.7,5,2,2009,1984,200,4,7.2,5,1769,4597,1447,55,240,1935
9.9,5,4,2016,3993,605,8,3.8,4,1949,5147,1458,82,250,2590
7.5,5,1.6,2010,1598,105,4,13.1,5,1755,4460,1470,55,173,1785
9.6,5,2.4,2007,2362,170,4,10.6,5,1815,4395,1685,60,180,2110
12.2,5,2.3,2009,2295,150,4,12.5,5,1864,4656,1735,72,176,2520
5.9,5,1.6,2016,1596,105,4,11.9,5,1722,3969,1495,40,181,2118.954230712567
7.8,5,1.8,2012,1798,152,4,8.7,5,1784,4584,1533,60,208,2145
6.9,5,1.6,2015,1591,129,4,11.8,5,1780,4505,1485,53,190,1870
7.5,5,2,2015,1986,150,4,12.3,5,1845,4630,1645,60,180,2118.954230712567
8.3,5,1.6,2014,1598,109,4,13.5,4,1788,4597,1477,60,177,1813
8.8,5,2.4,2017,2359,175,4,11.5,5,1885,4685,1710,70,190,2510
7.5,5,2,2011,1987,158,4,11,5,1815,4445,1685,60,185,2110
9.5,7,3.5,2018,3456,249,6,8.8,5,1925,4890,1770,72,180,2760
9.8,5,3,2004,2999,245,6,8.5,5,1770,4795,1605,64,224,2060
7.2,5,1.8,2007,1796,140,4,10.7,4,1798,4611,1460,61,210,1870
11.7,4,6,2016,5980,530,12,5,4,1899,5453,1498,80,250,2815
11.3,5,3,2011,2986,269,6,8.5,5,1910,4834,1669,79,200,2480
6.9,5,1.6,2011,1598,120,4,12.5,5,1789,4329,1502,60,188,1755
6.8,5,1.8,2007,1798,120,4,11.3,4,1795,4755,1440,64,200,1850
15.9,5,4.2,2008,4196,390,8,7.6,5,1930,4790,1785,88,225,3125
7.7,5,1.6,2013,1598,150,4,9,5,1810,4275,1523,60,212,1795
7.5,5,1.5,2009,1495,102,4,10.5,4,1670,4235,1395,45,181,1555
8.4,5,2,2012,1996,150,4,11,5,1810,4649,1745,70,170,2280
4.7,5,2,2017,1995,190,4,7.3,4,1811,4633,1429,60,228,2090
7.1,5,1.5,2018,1498,192,4,8.5,4,1862,4882,1450,56,197.15641361256544,2118.954230712567
7.6,5,2,2014,1999,150,4,10.6,4,1830,4845,1455,70,208,2118.954230712567
7.8,5,1.6,2006,1596,81,4,13.3,4,1700,4040,1500,50,160,1555
9.2,5,3,2019,2995,340,6,6.2,5,1983,4918,1696,75,245,2830
6.8,5,3.5,2011,3498,252,6,7.1,4,1854,4868,1471,80,250,2275
7.7,5,1.6,2007,1598,115,4,13.1,4,1777,4498,1460,60,194,1755
10.6,5,3.5,2015,3456,277,6,8,5,1885,4770,1725,72,200,2545
8.5,8,2.5,2008,2497,170,4,14.5,5,1920,5125,1925,75,183,3030
9.3,5,2.4,2012,2384,167,4,11,5,1850,4596,1761,65,175,2225
6.7,5,1.5,2007,1498,86,4,12.5,4,1678,4237,1432,48,172,1595
6.5,5,1.6,2013,1591,123,4,11.3,5,1700,4120,1470,43,178,2118.954230712567
9.5,5,2.4,2008,2354,166,4,10,5,1820,4530,1675,58,190,2080
6,5,1.4,2014,1398,100,4,13.9,5,1812,4288,1615,54,177,1785
11.2,5,3.2,2007,3192,238,6,8.8,5,1870,4838,1604,70,215,2400
7.2,7,2,2011,1997,140,4,11.9,5,1884,4819,1811,70,190,2505
9.1,5,2.5,2009,2499,208,6,8.4,4,1800,4585,1425,65,227,2055
7.4,5,1.6,2014,1596,82,4,12.6,4,1700,4260,1500,50,165,1560
11.6,5,3,2006,2967,203,6,10.5,5,1781,4394,1722,58,188,2050
9.5,5,2.5,2013,2496,182,6,9.6,4,1795,4850,1495,70,200,2060
7.9,5,1.8,2012,1798,140,4,11.1,5,1774,4278,1657,54,180,1926
8.6,7,2.8,2017,2755,177,4,12.8,5,1855,4795,1835,80,180,2735
9.6,5,2.5,2012,2488,171,4,10.3,5,1855,4520,1710,65,188,2200
3.7,5,1.5,2016,1461,110,4,11.6,5,1814,4626,1449,47,187,1914
9.5,5,2.4,2008,2378,158,4,11.5,4,1840,4865,1485,67,200,1985
7.8,5,2,2014,1999,240,4,7.6,5,1965,4365,1635,60,217,2490
9.1,5,2,2007,1998,210,4,8.8,4,1752,4680,1471,58,230,2000
6.4,5,2,2012,1999,150,4,9.5,5,1823,4556,1505,55,200,1900
8.6,5,1.6,2002,1590,124,4,11.3,5,1695,4095,1580,55,170,1640
6,5,3,2013,2993,249,6,6.2,5,1881,4648,1661,67,230,2370
6.7,5,1.8,2012,1799,142,4,10.7,4,1755,4545,1435,50,200,1700
4.1,5,1.6,2014,1560,115,4,12.1,5,1783,4370,1458,57,190,1920
8.8,5,3,2012,2995,290,6,6.2,4,1949,5267,1471,90,250,2530
5.4,5,1.3,2018,1248,84,4,13.7,5,1595,3595,1485,35,161,1370
8.4,5,2.8,2010,2773,190,6,8.3,4,1855,4916,1459,70,233,2150
9.7,5,1.7,2019,1690,83,4,17,3,1690,3640,1640,42,142,1610
8.4,5,2,2010,1998,141,4,16.2,5,1880,4660,1755,75,166,2530
8.5,5,1.6,2017,1598,102,4,12.7,4,1695,4656,1522,50,175,1650
6.3,5,1.6,2017,1596,125,4,11.7,5,1823,4358,1484,55,187,1825
6.9,5,1.6,2008,1598,105,4,11.2,5,1755,4415,1465,55,182,1725
7.1,5,1.8,2011,1798,147,4,11.1,5,1790,4440,1620,60,185,2125
9.4,5,2,2007,1995,140,4,12.5,5,1810,4470,1695,66,175,2070
6.6,5,1.4,2007,1388,80,4,14.1,3,1839,4341,1448,55,164,1710
6.7,5,1.6,2010,1591,126,4,10.3,4,1775,4530,1460,52,190,1680
11.3,5,3,2011,2987,211,6,9.1,5,1760,4662,1931,96,175,3200
7.5,5,2.2,2019,2199,200,4,9.4,5,1890,4770,1680,71,203,2407
6.7,5,1.6,2012,1591,125,4,10.9,5,1765,4068,1600,48,182,1700
8.6,5,1.6,2012,1598,103,4,12.4,5,1746,4024,1550,50,171,1615
7.2,4,1.6,2014,1598,122,4,11.6,5,1789,4097,1561,47,182,1765
5.5,5,1.5,2008,1461,105,4,12.4,5,1810,4498,1636,60,178,1945
10.7,5,2,2008,1998,295,4,5.4,4,1810,4505,1480,55,242,2040
10.3,5,3,2007,2996,272,6,7.5,5,1853,4569,1674,67,210,2300
9,5,2.5,2012,2488,190,4,10.7,5,1848,4813,1781,80,186,2880
7.2,5,1.6,2012,1598,180,4,9,5,1814,4419,1510,56,211,1870
9.1,5,2,2013,1997,115,4,10.423527447894209,5,1800,4620,1800,74,160,2305
4.4,5,2,2012,1995,184,4,7.4,4,1811,4624,1413,60,230,1980
8.3,5,2,2006,1997,140,4,10.8,5,1811,4765,1485,66,208,2105
6.5,5,2.2,2018,2199,200,4,9.4,5,1890,4800,1685,71,203,2620
6,5,1.2,2007,1198,64,3,16.3,5,1646,4222,1452,45,162,1610
6.7,5,1.4,2005,1360,75,4,14.2,5,1667,3850,1519,47,168,1470
8,5,2,2011,1998,141,4,15,4,1900,4965,1755,75,161,2740
4.6,4,1,2011,998,68,3,14,3,1630,3430,1470,35,157,1180
7.6,5,1.6,2009,1596,81,4,13.5,4,1650,4330,1402,43,160,1425
6.8,5,1.6,2013,1596,150,4,10.2,4,1825,4628,1484,67,210,2030
11,5,2.9,2004,2922,272,6,7.2,4,1832,4822,1434,70,250,2090
6.6,5,1.5,2002,1497,98,4,13.1,4,1695,4436,1445,60,177,1690
7.5,5,1.6,2008,1587,110,4,15,5,1751,4276,1637,55,171,1790
13.9,6,5.8,2002,5786,367,12,6.3,4,1855,6158,1462,88,250,2460
3.9,5,1.6,2014,1560,115,4,12.1,5,1783,4369,1445,52,190,1890
6.8,5,1.6,2007,1596,107,4,12.1,4,1710,4510,1440,55,184,1700
6.4,5,1.4,2014,1390,86,4,13,5,1684,4214,1607,55,171,1664
6.6,5,1.6,2017,1591,123,4,11.2,4,1740,4400,1470,50,192,1610
6.8,5,1.4,2012,1364,140,4,10.3,3,1840,4466,1482,56,200,1870
9.9,5,2,2004,1998,150,4,11.9,5,1780,4555,1710,58,167,1910
5.6,5,1.5,2018,1498,152,4,8.5,5,1783,4370,1458,57,210,2118.954230712567
7.4,5,1.6,2000,1590,96,4,12,5,1690,4375,1460,51,175,1520
6.8,5,1.6,2011,1595,102,4,11.8,5,1759,4204,1621,55,184,1920
8.4,5,2,2011,1984,211,4,7.6,5,1788,4493,1622,55,218,2191
5.9,5,1.6,2010,1582,128,4,11.9,5,1785,4105,1610,48,176,1680
5.7,5,1.4,2018,1395,125,4,9,4,1699,4390,1467,55,198,1740
11.7,2,3.7,2005,3724,245,6,7.2,2,1827,4535,1318,80,250,2050
5.9,4,2,2016,1984,230,4,7.2,5,1854,4712,1391,65,237,2118.954230712567
6.4,5,1.6,2014,1591,130,4,10.9,5,1780,4300,1470,53,192,1820
5.6,5,1.6,2013,1598,136,4,8.7,5,1765,4324,1421,52,210,1840
10.2,5,3.5,2012,3456,317,6,6.3,4,1840,4850,1470,66,190,2260
6.4,5,1.6,2015,1598,117,4,11.3,5,1768,4387,1533,52,180,2118.954230712567
11,7,3.5,2017,3496,249,6,8.7,5,1988,5019,1788,70,183,2118.954230712567
6.7,5,2,2007,1995,163,4,8.3,4,1817,4520,1421,63,225,1950
6.9,5,1.6,2007,1586,107,4,11.7,5,1690,4230,1550,50,175,1640
9.5,9,2.5,2017,2497,174,4,12.6,5,1920,5150,1925,75,197.15641361256544,2118.954230712567
6.4,5,3,2015,2987,249,6,6.8,4,1899,5116,1496,70,250,2750
8.7,5,1.9,2015,1845,132,4,14,5,1765,4390,1705,57,175,1765
8.3,5,1.6,2007,1598,90,4,12.2,5,1755,4350,1580,60,167,1828
7.9,5,2,2011,1997,140,4,10.6,5,1845,4344,1637,60,190,2149
7.5,5,2,2014,1998,149,4,10.423527447894209,5,1830,4410,1675,57,163,2100
7.1,5,2,2002,1998,136,4,13.2,5,1830,4750,1745,70,176,2395
7.3,4,1.8,2012,1798,152,4,8.5,4,1885,4802,1417,70,222,1960
8,5,2,2006,1984,150,4,8.8,3,1759,4204,1479,55,209,1850
6.3,5,1.4,2008,1386,88,4,13.1,5,1690,4083,1550,46,165,1546
6.2,5,1.4,2008,1368,77,4,13.5,4,1703,4186,1490,48,162,2118.954230712567
6.3,7,1.8,2007,1753,125,4,11.9,5,1854,4820,1723,70,184,2505
5.5,5,1.2,2014,1198,70,3,14.9,5,1642,4000,1498,45,163,1550
13,5,3,1999,2995,223,6,8.5,5,1815,4580,1660,75,180,2770
6.7,5,1.6,2011,1596,100,4,12,4,1840,4488,1497,55,182,1750
7.1,5,1.6,2011,1586,112,4,12.3,5,1755,4150,1605,45,175,1650
4.7,5,1.4,2017,1395,150,4,8.2,4,1796,4458,1416,50,224,1795
7.3,5,2.4,2017,2393,150,4,10.423527447894209,4,1855,5330,1815,80,170,2910
8.2,5,2,2010,1975,141,4,11.3,5,1800,4350,1695,58,176,2140
8.3,5,1.6,2004,1587,109,4,15.2,5,1755,4420,1570,60,180,1960
4.3,5,2,2018,1999,180,4,8.1,4,1880,4954,1457,55,229,2250
7.6,5,2,2011,1998,150,4,10.9,4,1830,4845,1455,70,202,2045
7.2,5,1.6,2008,1598,105,4,14.3,5,1694,4052,1624,53,181,1830
10,5,2.4,2008,2351,126,4,11,5,1800,4620,1775,74,170,2305
6.3,5,1,2013,995,67,4,17.5,5,1597,3640,1522,35,143,1367
7,5,1.6,2016,1596,87,4,12,5,1700,3950,1500,50,170,1560
6.7,5,1.6,2015,1596,106,4,12.9,5,1700,4084,1504,50,175,1560
5.5,5,1.6,2014,1586,117,4,12.4,5,1765,4300,1590,47,170,1740
7.2,5,1.6,2015,1598,82,4,11.9,5,1733,4080,1523,50,172,1540
14.4,5,3.2,2009,3199,220,6,9.9,5,1870,4720,1830,80,184,2760
5.2,5,1.2,2014,1197,105,4,10.1,5,1816,4263,1459,50,191,1710
9.3,5,2.4,2011,2360,170,4,10.4,5,1805,4645,1670,60,195,2290
5.5,5,1.2,2011,1198,70,3,14.1,5,1682,3970,1462,45,165,1550
5.7,5,1.6,2017,1560,90,4,13.6,5,1810,4384,1801,53,161,2020
8.4,5,1.6,2011,1598,103,4,11.7,4,1740,4288,1534,50,175,1600
5.6,5,1.6,2017,1595,150,4,7.9,4,1777,4640,1432,50,230,1920
8,5,1.6,2008,1599,103,4,12.7,5,1740,4060,1635,55,170,1800
7.8,5,2.5,2017,2494,181,4,9,4,1825,4850,1480,70,210,2100
9.8,7,2,2019,1984,150,4,12.5,4,1904,5304,1990,80,180,3000
7.5,5,2,2016,1999,150,4,10.9,4,1815,4745,1470,70,200,2040
6.3,5,1.6,2015,1598,104,4,13.5,4,1795,4585,1450,51,177,1775
8.6,5,2.4,2003,2362,152,4,9.4,4,1795,4815,1500,70,210,1935
11.5,5,2.3,2007,2260,238,4,8.3,5,1870,4680,1645,69,181,2289
7.6,4,3,2014,2995,333,6,5.3,5,1911,4969,1420,75,250,2420
8.4,5,2,2012,1997,150,4,12.2,5,1820,4574,1675,58,177,2080
9.7,5,3.2,2000,3200,165,4,12,5,1885,4810,1855,90,170,2810
8,5,1.8,1998,1840,90,4,12.6,4,1710,4575,1430,64,180,1680
5.8,5,1.5,2016,1498,152,4,8.6,4,1865,4635,1484,67,210,2110
8.9,5,1.8,2002,1783,122,4,11.5,4,1716,4516,1422,60,195,1780
5.8,4,1.1,2010,1086,65,4,17.5,5,1595,3535,1480,35,146,1350
9.3,5,2.5,2008,2488,169,4,10.3,5,1785,4630,1685,65,185,2050
7.4,5,1.5,2002,1500,92,4,12.5,5,1680,4170,1420,43,185,1515
6.6,5,1.6,2011,1591,123,4,11.2,5,1700,4115,1470,43,180,1565
5.7,5,1.5,2008,1498,103,4,10.4,5,1695,3885,1475,45,188,1485
8.6,5,2,2009,1998,145,4,11.9,5,1800,4545,1650,55,181,2155
9,5,3.5,2020,3456,300,6,8.2,5,1895,4890,1705,65,200,2575
6.3,5,1.6,2015,1598,122,4,11.1,4,1775,4620,1465,55,185,1760
6.5,5,1.6,2012,1598,122,4,10.9,5,1683,3961,1426,40,195,1675
8.6,5,2.4,2007,2360,170,4,11.3,5,1810,4405,1630,51,185,1980
9.4,5,2,2008,1984,200,4,7.7,4,1772,4586,1427,70,235,2085
12.2,5,3.7,2013,3696,333,6,6.8,5,1925,4865,1650,90,233,2500
13.9,5,4.8,2008,4806,405,8,6.5,5,1928,4798,1699,100,251,3080
9.8,7,2.8,2014,2776,180,4,12.5,5,1902,4878,1848,77,180,2750
7.2,5,1.6,2018,1598,82,4,11.9,4,1733,4346,1517,50,172,1545
12.2,5,3.7,2011,3696,333,6,6.8,5,1925,4865,1650,90,233,2500
7.6,5,1.5,2016,1490,160,4,8.6,4,1854,4922,1465,49,215,2118.954230712567
9.7,5,2.4,2006,2378,160,4,9.9,5,1750,4545,1620,60,200,2070
7,5,2,2014,1991,211,4,7.3,4,1820,4790,1445,74,245,2118.954230712567
4.5,5,2,2018,1968,190,4,7.4,5,1843,4733,1386,54,235,2185
6.9,5,1.6,2014,1596,122,4,12.5,5,1765,4273,1680,52,174,1715
6.9,5,1.6,2009,1591,122,4,12.1,5,1775,4245,1480,53,188,1740
8.2,5,1.6,2010,1587,110,4,13.5,5,1810,4380,1862,60,170,2025
6.1,5,2,2014,1997,184,4,7.6,5,1825,4638,1389,60,236,2040
7.7,5,2.2,2013,2231,184,4,11,5,1868,4673,1756,65,191,2538
15.2,5,3.5,2004,3497,194,6,10.7,5,1860,4710,1790,75,178,2580
6.9,4,3,2009,2967,239,6,6.1,2,1854,4625,1372,65,250,2110
10.7,5,3.8,2015,3778,334,6,6.8,4,1900,5095,1490,75,240,2470
8.3,5,2,2008,1997,141,4,11.3,5,1780,4310,1610,65,178,1960
6.2,5,1.6,2013,1595,156,4,8.4,5,1786,4359,1557,50,220,1950
10.7,5,2.5,2016,2496,222,6,9.5,5,1800,4745,1613,80,206,2305
6.2,4,1.4,2014,1390,160,4,8.3,3,1808,4278,1486,55,207,1840
6.5,5,2,2020,1998,150,4,10.5,4,1840,4870,1450,62,207,1830
9.6,4,3,2006,2967,225,6,8.8,4,1903,5055,1450,90,234,2760
7.7,5,1.6,2008,1595,102,4,12,5,1759,4206,1580,55,180,1960
8.9,5,2,1994,1984,115,4,11.5,5,1775,4790,1440,80,184,1925
7.6,5,1.8,2012,1798,140,4,13.1,5,1770,4295,1625,63,186,1970
7.4,5,2.5,2020,2498,185,4,9.5,5,1815,4625,1730,63,207,2223
7.9,5,2,2016,1995,150,4,11.8,5,1795,4595,1735,60,192,2118.954230712567
10.6,7,3.5,2014,3456,249,6,8.7,5,1925,4865,1730,72,180,2755
8.1,7,2,2013,1998,149,4,10.423527447894209,5,1915,5130,1815,80,181,2850
12.4,5,2.3,2007,2300,240,4,7.4,5,1869,4590,1656,68,209,2400
7.1,5,2.4,2017,2442,154,4,10.423527447894209,4,1785,5205,1775,75,169,2850
5,5,1.4,2018,1395,125,4,9.1,5,1790,4258,1492,50,204,1750
11.2,5,2.4,2002,2351,150,4,12.5,5,1820,4500,1655,65,170,2240
6.1,5,2,2012,1997,163,4,10.4,5,1871,4530,1508,60,211,2140
6.9,5,2,2018,1987,148,4,11,5,1795,4360,1565,50,195,1960
6.9,5,2,2018,1998,150,4,11.6,4,1820,4915,1450,65,200,2100
11.9,4,4.2,2007,4163,350,8,6.3,4,1894,5192,1455,90,250,2450
7.6,5,1.6,2011,1595,180,4,9.2,5,1825,4628,1484,67,220,2100
6.9,5,1.6,2010,1591,126,4,12.1,5,1775,4245,1480,53,183,1740
9.3,5,2,2007,1994,158,4,11.9,5,1735,4485,1590,60,190,2118.954230712567
13.9,4,4.4,2013,4395,555,8,4.7,5,1983,4876,1684,85,250,3000
7.9,5,1.6,2014,1591,124,4,12.5,5,1800,4140,1605,54,177,1850
7.4,6,2.1,2010,2143,136,4,14.1,4,1901,4763,1872,75,174,2800
12.8,5,4.6,2014,4608,296,8,8.3,5,1885,4880,1845,87,175,2990
8.2,5,1.6,2011,1587,90,4,15.3,5,1810,4380,1875,55,159,2025
8.7,5,2.5,2001,2457,167,4,10.423527447894209,5,1695,4680,1515,64,197.15641361256544,2118.954230712567
7.4,5,1.6,2012,1598,110,4,12.6,5,1695,4295,1535,52,170,1715
6.5,5,1.5,2013,1485,105,4,11.7,4,1735,4479,1514,46,170,1590
10.5,5,3.2,2005,3200,160,4,13.8,5,1895,4830,1855,90,170,2810
6,5,2,2008,1968,140,4,9.7,5,1769,4572,1468,55,207,2010
6.5,5,1.6,2008,1591,122,4,11.1,5,1790,4470,1490,53,192,1820
7.9,7,1.8,2012,1796,141,4,11.8,5,1836,4652,1633,64,185,2184
8.2,5,2,2012,1995,150,4,12.4,5,1780,4560,1700,60,185,1880
8.1,5,1.6,2013,1598,84,4,15.8,5,2133,4213,1882,60,158,1923
14.5,7,5.6,2011,5552,405,8,6.6,5,1955,5140,1938,100,210,3395
6.7,5,1.6,2019,1591,128,4,11.6,4,1800,4620,1450,50,195,1800
7.9,5,1.8,1988,1781,90,4,13.7,4,1704,4573,1428,70,177,1700
7.7,5,1.6,2019,1596,87,4,14.4,4,1700,4337,1500,50,166,2118.954230712567
14.3,5,4.6,2008,4601,295,8,7.9,5,1872,4912,1849,85,215,2825
11.5,5,2.7,2004,2737,185,6,10.5,5,1780,4665,1740,66,179,2300
5.6,4,3,2015,2993,313,6,5.3,4,1894,5007,1392,70,250,2470
11.2,4,5,2011,5000,385,8,5.5,2,2028,4794,1322,71,250,2075
7.3,5,1.6,2010,1598,120,4,13,5,1815,4276,1498,60,188,1650
8.1,5,2,2014,1998,150,4,11.9,5,1770,4295,1625,60,188,1970
8.8,9,2.5,2019,2497,170,4,14.4,5,1920,5150,1925,75,180,3030
7.3,5,2,2005,1999,145,4,9.8,5,1825,4333,1595,55,203,1925
7.9,5,1.6,2009,1587,110,4,13.1,3,1769,4274,1458,60,188,1732
10.7,5,2.4,2005,2429,152,4,12.1,5,1995,4805,1750,75,183,2550
5.5,5,1.2,2010,1206,84,4,12.8,5,1680,3920,1505,45,170,1455
11.2,5,3.5,2008,3456,276,6,7.8,5,1844,4729,1679,72,200,2380
6,5,1.4,2006,1360,90,4,13,5,1667,3860,1510,47,180,1535
7.2,5,1.6,2008,1596,98,4,11.5,4,1680,4350,1420,43,183,1578
7.8,5,2,2015,1998,146,4,12,5,1800,4655,1680,63,185,1985
8.1,5,1.5,2011,1498,80,4,12.5,4,1662,4482,1393,50,175,1460
7.7,5,2,2011,1997,156,4,10.9,4,1840,4726,1440,65,212,1960
8,5,1.6,2006,1598,105,4,12.4,5,1755,4420,1465,55,174,1695
14,5,3.7,2006,3724,231,6,10,4,1901,5223,1875,75,199,2770
7.1,5,1.5,1997,1498,100,4,10.423527447894209,4,1695,4495,1410,60,197.15641361256544,2118.954230712567
7.4,5,1.6,2003,1597,103,4,12.4,5,1710,4475,1405,60,190,1715
8.4,4,2.4,2007,2435,170,5,8.1,3,1782,4252,1447,55,220,1840
7.9,5,2,2001,1984,130,4,10.5,4,1772,4548,1428,70,202,1915
8.9,5,2,2008,1998,200,4,6.9,3,1639,3818,1417,50,215,1690
11,5,2.5,2000,2493,158,6,11.1,5,1780,4200,1685,66,170,1950
7.5,5,1.6,2010,1598,106,4,13.9,5,1808,4292,1471,60,180,1755
9,5,2,1992,1991,150,6,10,4,1698,4433,1393,65,214,1745
13.3,5,4.7,2007,4663,340,8,7.2,5,1920,5088,1840,100,235,3250
7.5,5,1.8,2005,1794,129,4,12.7,5,1770,4360,1620,60,195,2035
8.1,5,2.5,2017,2488,150,4,10.7,5,1838,4531,1694,60,185,2118.954230712567
8.1,4,3,2015,2979,326,6,5,2,1774,4432,1418,52,250,1965
5.6,8,2.5,1995,2446,94,4,10.423527447894209,4,1690,5250,2235,70,197.15641361256544,3050
5.7,4,3,2014,2993,313,6,5.2,2,1894,4894,1369,70,250,2310
6.1,5,1.4,2008,1368,77,4,13.2,5,1687,4030,1490,45,165,1600
13.4,5,3.8,2008,3828,250,6,10,3,1875,4385,1880,69,200,2530
5.9,5,2,2016,1998,192,4,7.1,5,1800,4253,1441,48,228,1960
7,4,3.5,2012,3498,306,6,6.1,4,1881,4940,1416,80,250,2220
9.7,5,2.9,2003,2926,184,6,10.5,5,1872,4667,1707,92,200,2685
12.3,7,5.5,2016,5461,585,8,4.6,5,1934,5130,1850,100,250,3290
8.4,5,2,2012,1995,140,4,12.5,5,1810,4500,1695,66,175,2070
7.2,5,1.8,2008,1798,125,4,10.9,4,1770,4476,1454,55,200,1850
7.6,5,1.6,2007,1587,109,4,13.1,5,1773,4260,1458,60,188,1795
8.4,5,2.5,2014,2457,167,4,10.4,5,1820,4775,1605,65,198,2080
10.3,5,2.4,2007,2349,173,6,10.7,4,1765,4845,1475,70,196,1900
7.3,5,2,2006,1995,129,4,10.1,5,1751,4227,1430,50,204,1750
6.3,5,1.6,2017,1598,122,4,11.1,4,1775,4620,1465,55,185,1775
9.9,5,4.4,2011,4395,560,8,4.4,4,2119,4910,1467,80,250,2410
7.6,5,2,2008,1995,136,4,10.1,5,1748,4239,1421,50,204,1800
6.6,5,1.2,2007,1150,72,4,13.7,5,1670,3880,1495,45,157,1455
11.6,8,3.5,2012,3471,249,6,9.9,5,1995,4875,1845,80,180,2765
8.2,5,1.8,2014,1794,128,4,14.5,5,1790,4325,1690,55,170,1705
5.8,5,1.5,2017,1496,120,4,11.8,4,1795,4580,1450,51,194,1835
9.7,5,2.5,2008,2496,204,6,9.1,4,1822,4852,1483,65,240,2180
5,5,1.4,2013,1395,122,4,9.3,5,1785,4310,1425,50,203,1785
5.7,5,1.6,2013,1595,156,4,8.3,5,1780,4292,1433,50,224,1920
6.2,5,1.4,2012,1390,125,4,9.8,5,1768,4315,1455,55,197,1819
5.5,5,1.6,2015,1595,122,4,9.1,5,1786,4393,1557,50,200,1960
4.2,5,2,2015,1999,180,4,7.8,4,1850,4672,1416,47,228,2135
7.2,5,2,2014,1997,140,4,11.6,5,1884,4772,1660,70,193,2505
7.2,5,1.9,2005,1896,115,4,15,5,1810,4634,1732,70,178,2430
7.4,5,1.6,2008,1598,110,4,12.6,4,1695,4474,1535,45,170,1715
6.6,5,1.6,2014,1598,170,4,9.9,4,1856,4842,1498,70,210,2110
8.7,5,1.6,1998,1598,110,4,12.6,5,1690,4270,1379,50,175,1650
5.4,4,2,2014,1998,192,4,6.7,3,1727,3850,1414,44,235,1630
6.3,4,1.4,2013,1390,160,4,8,3,1810,4256,1404,50,218,1730
11.2,5,3.6,2017,3604,296,6,7.5,4,1902,5044,1485,72,238,2118.954230712567
7.1,5,1.6,2010,1598,124,4,11.9,5,1760,4245,1515,55,190,1720
7.8,5,1.6,2017,1598,82,4,14.3,5,1751,4363,1852,50,159,1818
8.4,5,2,2013,1998,276,4,6.1,4,1805,4643,1421,62,220,2110
13.8,5,3.2,1999,3199,218,6,9.5,5,1833,4587,1776,70,195,2750
12.4,7,3.5,2019,3496,249,6,8.7,5,1988,5019,1788,70,183,2118.954230712567
8.2,4,2,2019,1998,238,4,5.9,2,1897,4784,1348,72,240,2118.954230712567
7.5,5,1.5,2005,1495,102,4,10.5,4,1680,4260,1395,45,181,1550
9.9,5,2.4,2010,2362,167,4,9.3,4,1820,4815,1480,70,205,1985
9.6,5,3,2012,2999,250,6,8.4,4,1860,4910,1480,70,223,2120
6.3,5,1.6,2014,1598,117,4,11.5,5,1765,4135,1565,46,170,1685
5.3,5,1.3,2011,1248,85,4,13.4,5,1595,3595,1480,35,163,1365
6.4,5,1.6,2016,1591,123,4,11.2,5,1720,4125,1470,43,185,1565
10.5,5,3,2019,2993,480,6,4.2,5,1897,4726,1667,65,250,2500
6.5,5,1.4,2008,1361,75,4,13.2,4,1655,4188,1452,50,170,2118.954230712567
8.2,7,2,2013,1997,141,4,11.7,5,1780,4541,1645,65,180,2215
14.7,5,3.5,2020,3490,450,6,10.423527447894209,4,2030,5890,1917,87,197.15641361256544,2118.954230712567
6.7,5,1.8,2011,1798,147,4,10.4,4,1810,4695,1480,60,200,1950
5.8,5,2,2018,1987,150,4,9.2,5,1840,4495,1520,43,190,1980
12.3,5,3,2005,2999,250,6,9.7,5,1877,4821,1689,64,195,2500
7.2,4,1.1,2009,1083,68,4,17,5,1640,3998,1535,45,130,1365
5.7,4,0.8,2005,796,52,3,21.9,5,1495,3495,1518,35,135,1270
7.7,5,2,2010,1999,147,4,10.9,4,1795,4755,1440,64,205,1935
6,5,1.6,2014,1598,150,4,10.9,5,1826,4428,1610,60,197.15641361256544,2015
5,5,2,2017,1984,190,4,7.5,5,1842,4725,1434,54,210,2060
8.5,5,1.8,1998,1781,150,4,9.9,5,1810,4796,1479,70,214,2040
10.8,7,3.6,2012,3604,287,6,7.8,5,1998,5151,1725,76,209,2744
12.8,4,5,2013,5038,430,8,6,4,1890,5460,1495,77,240,2570
7.2,5,1.6,2006,1596,109,4,12.8,5,1760,4567,1482,62,190,1790
14.4,5,2.7,2012,2693,112,4,35,5,1730,4100,2025,78,130,2520
15.4,4,6.3,2013,6262,660,12,3.7,3,1953,4907,1379,91,335,2200
9.4,5,2.5,2015,2477,178,4,12.4,5,1815,4695,1800,70,176,2710
10.4,5,2.2,1999,2198,133,4,11.9,4,1779,4671,1437,65,198,1800
9.2,4,2.1,2005,2099,156,6,10.8,4,1789,4672,1430,61,205,1950
9.8,5,2.7,2012,2696,163,5,14.4,5,1900,4755,1840,78,170,2760
9.8,5,3,2013,2995,340,6,6.4,4,1877,4961,1460,64,250,2415
9.2,5,2,2017,1998,268,4,6,4,1795,4595,1475,60,215,2118.954230712567
7.1,5,1.6,2012,1598,120,4,11.8,5,1837,4365,1639,60,185,2000
11.8,5,5.5,2014,5461,525,8,4.8,5,1940,4817,1763,93,250,3050
9.9,5,3,2013,2995,340,6,6.4,4,1950,5127,1456,82,250,2400
7.1,5,2,2008,1991,112,4,13.8,5,1840,4350,1730,58,167,2210
6.7,5,1.6,2011,1591,132,4,11.6,4,1775,4530,1445,48,195,1800
7.9,5,1.5,2001,1498,75,4,16.1,5,1670,3808,1540,43,150,2118.954230712567
8.7,5,2,2006,1998,141,4,10.423527447894209,5,1880,4660,1755,75,166,2530
10.5,5,3.3,2018,3342,249,6,8.4,4,1915,5120,1505,77,240,2550
6.3,4,1.5,2010,1496,112,4,10.423527447894209,3,1740,4080,1395,40,200,1520
8.8,5,2.5,2015,2480,310,5,5.5,5,1841,4410,1580,64,250,2215
10.5,4,4,2016,3993,528,8,4.5,2,1944,4806,1404,90,309,2750
11.8,5,5.5,2016,5461,557,8,4.3,5,1971,4852,1762,93,250,3050
7.1,5,1.6,2013,1598,115,4,11.7,5,1735,4039,1517,46,186,1613
10.5,5,2.7,1999,2736,203,6,10.2,4,1890,5000,1422,64,210,2100
8,7,2,2010,1968,140,4,14.2,4,1904,5292,1990,80,173,3000
9.1,2,3,2020,2995,380,6,4.9,2,1923,4470,1309,72,275,2118.954230712567
6.8,5,1.6,2016,1591,130,4,11.5,3,1780,4310,1430,53,192,2118.954230712567
8.4,5,2,2013,1984,200,4,8.3,5,1904,4854,1720,70,218,2360
7.7,5,1.5,2001,1499,70,4,14,4,1620,4205,1400,43,155,1340
7.4,5,1.6,2020,1591,123,4,11.2,5,1800,4195,1610,54,182,1815
6.9,5,1.6,2018,1591,128,4,11.6,4,1800,4570,1450,50,195,1800
7.3,5,1.6,2013,1598,120,4,12,5,1810,4380,1801,60,177,2000
4.3,5,1.3,2006,1339,86,4,10.423527447894209,5,1675,3830,1525,42,197.15641361256544,2118.954230712567
5.5,5,1.9,1999,1896,115,4,11,5,1740,4669,1496,62,194,1920
7.1,5,1.6,2013,1598,150,4,9.2,4,1853,4792,1456,72,220,1965
7.6,5,1.6,2014,1591,204,4,7.7,5,1780,4310,1470,53,230,2118.954230712567
6.9,5,1.6,2011,1598,124,4,10.4,4,1760,4545,1470,55,192,1740
6.4,5,1.4,2015,1364,140,4,9.8,5,1792,4248,1674,53,195,1884
5.5,5,1.2,2012,1242,94,4,13.5,3,1695,3850,1510,42,160,1480
9.5,5,2.5,2014,2488,171,4,10.3,5,1855,4520,1710,65,185,2200
6.6,5,2,2015,1991,184,4,7.4,5,1780,4299,1433,50,228,2015
10.5,5,3,2016,2995,340,6,6.4,4,1899,5130,1460,80,250,2430
5.2,5,1.5,2017,1499,136,3,8.7,5,1765,4329,1440,52,210,1885
7,5,1.6,2003,1598,110,4,10.2,5,1710,4180,1475,55,190,1655
9.4,4,2.4,2008,2393,169,4,11.5,3,1810,4060,1695,55,170,1890
8.9,5,2.5,2007,2499,143,4,12.5,4,1805,5075,1745,70,147,3020
6.8,5,1.6,2006,1599,105,4,11,5,1735,4340,1470,55,186,1733
12.4,2,6.2,2016,6162,466,8,4.2,2,1877,4493,1239,70,306,2118.954230712567
8.6,5,2,1998,1994,138,4,10.423527447894209,5,1735,4460,1580,60,197.15641361256544,1860
9,5,2.4,2014,2360,170,4,10.7,5,1812,4448,1663,51,187,1980
4.6,4,1,2011,998,68,3,14,5,1630,3435,1465,35,157,1190
7.1,5,1.6,2014,1598,150,4,9.2,4,1853,4792,1456,72,220,2118.954230712567
7.5,5,2,2015,1991,360,4,4.8,5,1804,4417,1494,50,250,2105
11.2,5,2.2,2015,2198,175,4,10,5,1930,4800,1720,75,190,2118.954230712567
7,5,2.5,2002,2497,163,6,9.4,5,1800,4805,1445,70,215,2305
8.9,5,2,1990,1991,150,6,10.6,4,1751,4720,1412,80,211,1955
7.1,5,2,2013,1984,225,4,6.7,5,1841,4721,1495,61,234,2220
10.1,5,1.5,1996,1451,71,4,17,4,1620,4130,1446,39,150,1395
6,4,1.3,2008,1328,92,4,11,5,1690,3760,1500,45,175,1485
7.6,7,1.8,2006,1796,140,4,11.5,5,1801,4467,1645,58,197,2095
6.6,5,1.2,2007,1240,80,4,17.9,5,1660,3715,1540,46,145,1475
7.7,5,1.8,1987,1781,75,4,13.6,4,1700,4390,1400,68,167,1490
8.5,5,1.9,2011,1845,132,4,12.5,5,1765,4285,1715,57,175,1775
4.3,5,1.6,2017,1560,115,4,12.1,5,1826,4602,1638,55,189,2150
5.7,5,1.4,2010,1398,100,4,13.9,5,1737,3999,1488,45,172,1665
9.6,5,2.9,2020,2894,380,6,4.9,5,1923,4686,1624,65,261,2580
8.1,5,2,2011,1968,140,4,13.4,4,1904,5292,1990,80,161,3200
8.3,5,2,2012,1997,139,4,11.9,4,1832,4897,1483,70,186,2050
12.5,4,4.2,2012,4172,335,8,6.9,4,1902,5175,1448,90,250,2730
9.3,5,3,2017,2997,405,6,5.4,4,1820,4810,1445,80,250,2118.954230712567
6.9,5,1.3,2005,1341,85,4,14.8,5,1665,3810,1495,45,162,1500
7.9,5,1.6,2007,1587,109,4,12.5,5,1746,4212,1510,60,186,1676
15.5,8,5.6,2004,5552,309,8,7.1,5,2002,5255,1913,106,185,3175
7.8,5,1.8,1997,1781,125,4,10.5,4,1733,4479,1415,62,205,1755
7,5,1.6,2019,1591,200,4,7.5,5,1800,4605,1437,50,225,1900
10.2,5,3.3,2008,3342,235,6,7.8,4,1865,4895,1490,75,237,2220
7.7,5,2,2008,1997,156,4,10.9,4,1840,4726,1440,65,212,1960
4.5,5,2,2020,1995,190,4,7.2,4,1868,4963,1479,68,232,2405
7,5,1.6,2002,1598,105,4,11.9,3,1735,4149,1444,55,192,1840
7.2,5,1.5,2005,1490,99,4,11,5,1605,3770,1565,41,165,1470
4.9,4,1.4,2015,1395,125,4,8.9,5,1746,3973,1422,45,204,1660
11,5,2.3,2008,2286,131,4,13.5,4,1812,4921,1422,70,173,1890
12.5,5,2,1995,1998,95,4,18.4,5,1764,4245,1695,60,155,1928
7.9,5,1.6,1998,1569,76,4,15,5,1690,4350,1400,55,158,1455
5.9,5,1.4,2004,1364,90,4,12.5,5,1646,3839,1440,44,177,1480
10.9,5,3.7,2013,3696,333,6,6.3,4,1845,4945,1500,80,246,2360
6,5,1.5,2019,1496,120,4,12.3,4,1795,4660,1440,51,200,1835
11.2,5,3.2,1994,3199,220,6,7.9,4,1740,4740,1430,70,230,2050
9.4,4,1.8,1999,1834,120,4,10.2,3,1680,3735,1695,53,168,1690
12.4,5,3.2,1997,3199,210,6,10.9,3,1841,4330,1940,70,182,2515
6.5,4,1.3,2012,1297,83,4,16,5,1578,3700,1564,43,156,1415
8.6,5,2.5,2008,2497,170,4,12.4,5,1884,4590,1730,80,180,2670
10.9,5,3.7,2014,3696,333,6,6.3,4,1845,4945,1500,80,246,2360
9.9,6,2.7,2007,2696,165,5,13.5,5,1915,5125,1820,80,174,2850
5.8,5,1.3,2006,1332,95,4,11.1,5,1695,3870,1550,47,180,1460
6.4,5,2,2014,1984,220,4,6.5,5,1799,4268,1442,50,244,1840
8.7,5,2,2014,1997,150,4,14,5,1800,4650,1745,74,197.15641361256544,2305
6.2,5,1.4,2010,1396,100,4,12.9,5,1710,3940,1490,45,170,1565
14,5,3.6,2008,3564,255,6,8.1,5,1845,4950,1721,76,201,2118.954230712567
6.4,5,1.4,2013,1364,120,4,12.5,5,1812,4288,1624,53,185,1785
9,5,2,2005,1997,150,4,10.8,5,1785,4635,1710,58,177,1960
8.2,5,2.4,2013,2356,180,4,10.1,4,1850,4890,1465,65,214,1950
11.7,5,2.4,1993,2410,125,4,16.5,5,1764,4692,1753,80,153,2400
6.2,5,1.4,2008,1360,90,4,12.7,5,1720,4030,1472,50,180,1640
11.9,5,3.5,2007,3471,295,6,7.3,4,1845,4957,1450,73,250,2310
6,5,1.5,2005,1496,109,4,10.423527447894209,4,1695,4410,1470,55,197.15641361256544,2118.954230712567
9.8,5,2,2015,1971,139,4,15,5,1841,4506,1740,55,165,1912
7.5,5,1.5,2008,1498,107,4,15.1,5,1695,4465,1485,50,167,1765
8.8,5,2,1989,1998,121,4,12.1,4,1800,4765,1410,80,199,1825
5.8,5,1.3,2000,1298,102,4,9.6,5,1595,3675,1450,40,180,1320
9,5,2,2009,1997,140,4,13.4,5,1860,4829,1479,71,202,2224
11.6,5,3.2,2008,3195,227,6,8.8,5,1850,4575,1704,65,203,2310
7.6,5,1.6,2018,1591,132,4,11.7,5,1800,4140,1615,54,180,1820
8.3,5,2.5,2017,2498,171,4,9.8,5,1795,4610,1735,60,197,2015
10,5,2.7,2013,2672,185,4,9.4,5,1905,4833,1610,67,180,2340
7.6,5,1.8,2003,1796,115,4,10.3,5,1702,4438,1477,55,198,1650
7.7,5,1.8,2006,1798,140,4,11.2,3,1753,4290,1435,52,190,1765
7.4,5,2,2012,1998,149,4,15,4,1910,4990,1790,75,164,2740
9.1,2,1.9,2004,1896,85,4,23.6,4,1904,4890,1990,80,146,2600
9.4,5,2.3,2003,2290,185,4,8.3,4,1790,4810,1475,70,230,2090
10.2,4,4,2020,3982,469,8,4.6,2,1899,5027,1411,80,250,2640
11.9,4,3.8,2007,3824,355,6,5.4,2,1808,4427,1310,65,280,1900
9.2,5,1.2,1985,1198,64,4,20,4,1611,4043,1440,39,142,1355
10.7,5,2.7,2006,2656,172,6,9.7,4,1820,4747,1422,65,210,2020
7.9,5,1.6,2013,1598,102,4,13,5,1829,4213,1803,60,170,1924
11.8,5,3.5,2010,3456,266,6,10.423527447894209,5,1986,5085,1750,63.83102966998334,197.15641361256544,2118.954230712567
12.8,5,4.6,2020,4608,296,8,8.3,5,1885,4880,1885,87,175,2990
7.2,5,2.2,2010,2179,156,4,11,5,1810,4640,1680,60,200,2410
6.5,5,1.6,2014,1591,124,4,11.5,5,1765,4075,1600,50,180,1730
7.4,5,1.6,2015,1556,117,4,12.5,5,1760,4351,1528,51,180,2118.954230712567
7.1,5,1.6,2008,1586,107,4,12.3,5,1755,4115,1620,50,180,1650
8.2,5,1.8,2005,1796,143,4,9.7,2,1728,4343,1406,62,223,1935
7.1,5,1.6,1998,1598,100,4,12.5,4,1707,4495,1420,60,188,1785
10.2,5,2.5,2006,2495,170,6,9.6,4,1812,4731,1429,58,216,1940
8,5,2.2,2014,2199,197,4,10.3,5,1885,4915,1685,71,200,2630
6.6,9,2.1,2017,2143,190,4,10.423527447894209,4,1928,4895,1890,57,197.15641361256544,3050
7.1,5,1.6,2013,1587,115,4,11.8,4,1748,4442,1466,50,188,1524
5.7,5,1.6,2013,1560,90,4,13.6,5,1810,4380,1801,60,161,2020
6.9,2,2,2017,1988,300,4,4.9,2,1801,4379,1281,54,275,1685
7.7,5,2.4,2019,2442,154,4,10.423527447894209,4,1815,5225,1775,75,169,2850
8.3,7,2,2011,1998,144,4,13.1,5,1750,4585,1615,60,186,2125
6.6,5,1.6,2013,1598,115,4,12.1,5,1730,4101,1631,50,185,1753
5.3,7,1.5,2006,1461,105,4,10.423527447894209,5,1810,4493,1636,60,197.15641361256544,2000
10.9,5,3.5,2010,3498,249,6,8,5,1880,4834,1730,82,210,2380
7.2,5,1.6,1999,1595,170,4,10.423527447894209,3,1695,4190,1375,45,197.15641361256544,2118.954230712567
10.4,7,3,2020,2997,249,6,9.1,5,1997,4954,1788,73,192,2650
8.6,7,2,2000,1998,140,4,10.423527447894209,5,1695,4575,1200,60,197.15641361256544,2118.954230712567
6.6,5,1.5,2006,1498,95,4,13.2,5,1777,4270,1603,54,174,1835
4.9,4,1.1,2007,1086,64,4,15.1,5,1595,3495,1480,35,154,1350
7.5,5,1.4,2005,1390,75,4,13.7,5,1663,3995,1827,50,153,1665
6.6,5,1.2,2008,1198,70,3,15.9,5,1684,4205,1607,55,158,1665
9.5,5,2,2001,1998,140,4,11.9,5,1775,4424,1720,60,180,1990
4.5,5,1.2,2013,1199,82,3,12.2,5,1739,3962,1460,50,175,1527
6,5,1.4,2001,1397,68,4,15.8,5,1646,4232,1452,45,164,1615
7.2,5,1.3,2010,1299,70,4,17,4,1678,4237,1432,48,162,1400
8.7,5,1.8,2000,1793,125,4,10.423527447894209,4,1720,4510,1415,50,197.15641361256544,1600
10.6,5,2.5,2013,2496,222,6,9.4,5,1800,4635,1600,80,210,2272
11.2,5,2.4,2003,2393,170,6,11.1,4,1810,4796,1453,70,214,2135
9.2,5,2,2004,1998,147,4,11.1,4,1760,4630,1480,60,195,1895
5.6,5,1.3,2016,1248,85,4,13.7,5,1595,3595,1480,35,163,1430
7.1,4,1.3,2012,1297,83,4,17,5,1622,3866,1638,45,150,1575
6.4,5,1.4,2005,1390,75,4,12.9,5,1650,3897,1465,45,172,1560
12,5,1.7,2013,1690,83,4,19,5,1680,4220,1640,65,137,1850
10.6,7,3.6,2019,3597,249,6,8.9,5,1989,5036,1769,70,190,2700
7.5,5,1.6,2009,1597,124,4,12.5,4,1746,4514,1436,52,180,1680
7.7,5,1.6,2020,1596,87,4,14.4,4,1700,4345,1500,50,166,1560
6.5,5,1.8,2006,1753,90,4,15.2,5,1795,4525,1906,60,155,2340
6.7,5,1.6,2013,1598,106,4,11.7,4,1809,4622,1479,60,183,1725
6.7,5,1.5,2017,1485,106,4,12.6,4,1735,4479,1514,47,170,2118.954230712567
8,5,1.6,2008,1599,103,4,12.7,5,1740,4025,1635,55,170,1800
7.5,5,1.6,2010,1598,105,4,12.2,5,1707,4027,1493,55,186,1640
8.6,5,1.8,2002,1796,125,4,11,5,1710,4110,1425,52,198,1700
8.6,7,1.8,2004,1796,125,4,13,5,1740,4315,1630,58,180,1960
7.2,5,1.4,2015,1368,95,4,15.4,5,1832,4406,1895,60,161,2118.954230712567
5.7,5,1.4,2011,1398,100,4,13.9,3,1713,3999,1488,45,172,1545
8.4,5,2.4,2013,2354,194,4,11.1,5,1900,5020,1560,70,190,2170
11.4,4,2.5,1997,2464,118,4,14.8,3,1740,3883,1782,72,142,1925
9.6,5,2.5,2010,2488,171,4,9.9,5,1855,4520,1695,65,188,2200
6.4,2,1.6,2012,1598,122,4,10.3,2,1683,3728,1378,40,198,1425
7,5,1.3,1999,1299,82,4,14.2,5,1700,4030,1515,55,170,1655
5.4,5,1.3,2019,1332,136,4,9,5,1796,4419,1562,43,212,1955
7.6,5,2,2012,1994,150,4,11.1,5,1740,4415,1465,55,197,1700
6.2,5,1.4,2006,1399,97,4,12.3,4,1695,4240,1470,45,177,1580
8.3,5,1.6,2010,1597,119,4,11.2,4,1750,4552,1483,60,185,1665
9.9,5,1.7,2019,1690,83,4,19,3,1680,3740,1640,42,137,1610
10.6,5,3,2020,2996,390,6,4.9,5,1890,4682,1644,66,250,2460
7.7,5,2.5,2016,2498,175,4,10.2,5,1840,4815,1675,60,198,2118.954230712567
10.5,5,2,2004,1997,137,4,10.423527447894209,5,1839,4699,1760,65,197.15641361256544,2118.954230712567
6.7,5,1.3,1996,1275,75,4,12,5,1580,3701,1430,42,170,1300
7.9,5,2.4,2014,2356,208,4,8.2,4,1853,4851,1440,65,210,2055
11,5,2.4,2008,2401,122,4,17.5,5,1790,4639,2021,75,130,3050
7.2,4,2,2010,1984,211,4,5.7,2,1842,4198,1353,55,243,1780
9.9,4,4.4,2012,4395,560,8,4.2,2,1899,4898,1368,80,250,2350
7.1,5,1.8,2008,1798,125,4,10.8,5,1825,4333,1560,55,193,1910
7,5,1.5,2014,1498,98,4,13,5,1789,4397,1470,50,170,1800
8,5,1.6,2005,1599,103,4,12.7,5,1740,4025,1635,55,170,1800
7.6,5,2,2012,1998,150,4,10.9,4,1835,4820,1470,70,208,1980
7.5,5,2.5,2015,2488,173,4,9.8,4,1830,4863,1482,68,210,1950
7.5,5,1.8,1996,1840,90,4,12.6,4,1750,4695,1400,64,180,1675
5.7,5,1.6,2014,1598,132,4,11.1,5,1760,4275,1460,50,190,1805
8.3,5,1.6,2003,1584,98,4,15.1,5,1695,4485,1480,50,175,1780
7.9,5,2,2007,1999,145,4,10.2,5,1755,4505,1615,60,194,2125
10.3,5,2.4,2010,2429,143,4,13.4,4,1792,4858,1409,61,185,1950
12,4,3.3,2019,3342,370,6,6.2,4,1915,5205,1495,83,240,2670
7.8,5,3,2013,2995,310,6,5.7,4,1949,5135,1460,82,250,2520
6.4,5,2,2000,1994,105,4,13.1,4,1750,4595,1430,65,185,1900
11.7,4,3.8,2014,3799,540,6,2.8,2,1895,4670,1370,74,315,2200
6.4,4,1.4,2014,1398,86,4,9,5,1788,4498,1430,35,161,2079
11.9,5,4.2,2003,4172,335,8,6.3,4,1894,5051,1444,90,250,2380
7.7,2,2,2010,1984,211,4,6.6,2,1842,4178,1352,55,240,1680
6.2,5,2,2014,1969,245,4,6.5,4,1861,4854,1493,70,230,2140
8.9,5,2,2007,1970,150,4,9.3,5,1729,4223,1442,60,208,1770
10.4,4,5.5,2014,5461,557,8,3.7,4,1881,4996,1406,66,250,2415
7.3,5,1.6,2016,1598,120,4,12,5,1810,4380,1801,60,177,2000
7.9,5,1.8,2003,1796,122,4,12.1,5,1798,4822,1500,60,199,2025
14.7,9,5.3,2004,5327,299,8,9.2,5,2004,5052,1885,98,170,2950
6.2,4,1.4,2006,1361,75,4,17.8,3,1686,3731,1620,40,165,1554
8.3,4,1.3,2002,1299,80,4,17.2,3,1600,3610,1670,40,135,1365
10,5,2.3,2009,2261,145,4,16,5,1780,4394,1702,62,160,1986
8.5,5,1.8,2007,1761,100,4,11.9,4,1720,4410,1460,70,185,1610
8.2,5,1.6,1998,1597,90,4,13.9,5,1751,4671,1480,61,175,1950
16.3,5,4.7,2004,4664,235,8,11.2,5,1940,4890,1890,96,180,3260
11.3,5,3,2014,2997,249,6,8.5,5,1910,4834,1669,79,205,2480
10.2,4,2.4,2010,2378,162,4,10.423527447894209,2,1834,4582,1359,67,210,2118.954230712567
7.3,5,2,2018,1991,381,4,4.2,4,1777,4630,1432,50,250,2075
6.8,5,3,2010,2993,275,6,6.4,4,2053,4961,1460,69,250,2360
5.1,5,1.5,2017,1499,136,3,9.6,5,1800,4342,1555,51,200,1870
6.4,5,2,2016,1984,249,4,6.1,5,1842,4750,1493,58,246,2170
3.9,5,1.8,2010,1798,99,4,10.4,5,1745,4460,1500,45,180,1805
6.2,2,1.8,2013,1796,204,4,6.6,2,1810,4134,1301,60,243,1815
10.3,5,3.8,2013,3778,290,6,7.3,4,1900,5090,1490,75,240,2545
9.2,7,2.5,2018,2488,231,4,8.6,5,1969,5075,1747,74,210,2500
0.6,4,0.7,2017,647,170,2,8.1,5,1775,3999,1578,63.83102966998334,150,1760
14.3,5,6.6,2018,6592,570,12,4.9,4,1948,5399,1550,82,250,2940
13.7,4,6.6,2013,6592,570,12,5,4,1948,5569,1550,82,250,2940
9,5,3,1987,2960,190,6,7.9,4,1740,4740,1445,70,230,2118.954230712567
11,5,3.1,2006,3123,255,6,7.7,5,1862,4934,1519,80,240,2430
7.7,5,2.5,2019,2498,175,4,9.6,4,1840,4800,1500,60,210,2050
11.4,5,4.3,2006,4293,290,8,6.7,4,1830,5025,1470,84,250,2350
12.8,5,4.6,2010,4608,296,8,8.3,5,1885,4805,1845,87,175,2990
7.4,5,1.4,2014,1368,77,4,17,5,1722,4253,1818,60,148,1830
9.7,5,3,2017,2979,410,6,4.9,4,1948,5264,1481,70,286,2118.954230712567
10.2,5,3,2001,2979,231,6,7.4,4,1739,4481,1415,63,242,2095
12.1,4,5.5,2008,5461,388,8,4.9,2,1871,5065,1419,90,250,2510
10.5,5,3,2014,2979,410,6,4.8,4,1945,4971,1461,80,284,2370
9.6,2,4,2015,3982,510,8,3.8,2,1939,4546,1288,65,310,1890
7.2,5,3,2017,2987,275,6,6.9,5,1968,5003,1679,80,230,2118.954230712567
10.3,5,5.5,2014,5461,557,8,3.7,4,1873,4892,1450,66,250,2410
8,4,1.4,1964,1360,45,4,10.423527447894209,4,1540,4040,1600,35,115,1280
12.4,5,3.7,2010,3664,300,6,7.2,5,1994,4887,1570,79,197.15641361256544,2118.954230712567
9.8,4,2.3,2019,2300,317,4,5.8,2,1916,4784,1394,59,250,2118.954230712567
7.9,5,2,2008,1998,152,4,11.5,4,1832,4800,1475,70,194,2030
16.4,4,6,2008,5980,612,12,5.2,4,1980,6165,1573,110,250,3380
9.1,5,2.5,2011,2480,340,5,4.6,5,1794,4302,1402,60,250,2135
11.4,5,3.6,2014,3604,286,6,8.9,5,1877,4751,1800,85,180,2540
7.1,4,3,2011,2995,333,6,6,5,1931,4970,1418,80,270,2485
9.8,5,1.6,1989,1580,75,4,23,3,1680,3720,1640,42,132,1550
9.5,5,1.5,1978,1450,75,4,19,4,1611,4116,1440,39,150,1430
8.2,5,1.6,2000,1597,113,4,11.5,5,1690,4275,1470,50,175,1680
6.8,5,1.5,2011,1498,103,4,12.1,5,1695,3920,1475,42,168,1495
8.2,4,2,2008,1984,200,4,7.9,2,1791,4407,1443,55,229,2020
10.5,8,2,2010,1998,116,4,14.5,4,1904,4782,1952,90,160,2865
5.2,4,0.7,2009,658,52,3,22.7,5,1475,3395,1635,35,130,2118.954230712567
10.9,4,3.5,2012,3456,275,6,8.3,5,1830,4875,1905,65,200,2570
9.3,5,3.2,2018,3239,272,6,8.1,5,1859,4623,1669,60,206,2118.954230712567
13.9,5,4.7,2003,4664,234,8,10.1,5,1940,4890,1850,96,175,3112
5.2,5,1.2,2004,1240,90,4,10.423527447894209,5,1660,3695,1275,41,197.15641361256544,2118.954230712567
11.7,5,3.5,2011,3498,272,6,8.4,5,2183,5157,1674,80,230,2860
17.4,5,6.2,2008,6162,409,8,7.8,5,2063,4820,1977,121,180,3900
14.8,4,6,2007,5980,612,12,4.4,4,1871,5206,1473,90,250,2750
6.8,5,1.6,2007,1591,122,4,10.2,4,1735,4480,1470,55,186,1720
6.7,5,2,2007,1968,140,4,11,5,1808,4424,1667,51,189,2118.954230712567
8.8,5,2,1994,1995,144,6,12.1,4,1695,4560,1350,60,201,1710
7.3,5,1.4,1996,1389,60,4,15,3,1610,3740,1420,46,155,1370
7.7,5,1.6,2016,1598,150,4,9.5,5,1837,4365,1639,60,202,2020
6.4,4,1.6,2007,1598,120,4,10.4,3,1683,3699,1407,40,197,1555
6.5,5,1.8,2012,1798,147,4,9.4,4,1810,4695,1480,60,200,1950
8.7,5,2,2017,1997,149,4,14,5,1800,4650,1745,74,160,2305
6.6,5,1.6,2007,1597,119,4,16,4,1750,4552,1483,52,185,1665
10,7,3.5,2014,3471,290,6,7.6,5,1960,4935,1730,73,220,2575
12.3,4,3.7,2009,3696,333,6,6,4,1773,4750,1453,76,240,2172
8.3,5,2.5,2019,2488,171,4,9.8,5,1843,4672,1673,60,199,2157
8.8,5,2.2,1999,2164,131,4,10.4,4,1781,4760,1430,60,200,1860
8.7,5,2.9,1999,2926,184,6,9.2,4,1862,4983,1435,85,220,2365
19.2,5,6.8,2001,6750,405,8,6.3,4,1930,5390,1520,94,249,2970
11.9,2,5.5,2008,5461,388,8,5.4,2,1820,4532,1317,80,250,2205
10.4,4,2.6,2003,2597,170,6,9.5,2,1740,4638,1413,62,234,2030
6.9,5,1.6,2003,1598,105,4,11,4,1735,4380,1450,55,192,1730
8.3,5,1.5,2004,1493,97,4,11.6,5,1675,4240,1440,45,175,1467
15.7,5,4.5,2006,4511,450,8,5.6,5,1928,4782,1699,100,266,3080
6.7,5,1.6,2014,1598,106,4,11.7,5,1808,4302,1471,60,183,1727
7.9,5,2,2020,1997,200,4,9,5,2069,4597,1727,65,207,2550
6.2,5,1.4,2009,1360,90,4,12.7,5,1748,4045,1472,50,180,1640
9.3,4,2.5,2008,2522,225,5,6.8,5,1840,4362,1447,55,241,1890
13.6,5,3.5,2006,3498,280,6,7.1,4,1798,4890,1510,75,206,2240
4.6,2,0.9,2018,898,109,3,9.5,3,1663,2695,1552,28,165,1225
8.2,5,1.8,2016,1794,128,4,14.5,5,1790,4325,1690,55,170,1705
10.1,7,2,2004,1998,116,4,15.4,5,1810,4641,1732,70,177,2400
10.6,5,2,1998,1973,128,4,10.5,5,1750,4470,1675,58,174,1900
10.5,4,3.5,2017,3456,275,6,8.3,5,1850,4915,1895,75,200,2690
12.8,5,6.1,2006,6059,425,8,5.2,4,1881,4999,1471,72,250,2118.954230712567
7.6,5,1.6,2007,1596,81,4,13.5,3,1650,4122,1402,43,160,1400
10.7,5,3,1996,2982,145,4,10.423527447894209,5,1820,4675,1880,90,197.15641361256544,2118.954230712567
11.4,5,4.3,2002,4293,290,8,6.7,4,1830,5005,1490,84,250,2350
6.1,5,1.5,1991,1498,94,4,10.423527447894209,4,1655,4215,1360,50,197.15641361256544,2118.954230712567
7.2,5,1.6,2014,1598,113,4,13.5,4,1820,4620,1490,52,175,1700
9,4,1.1,1953,1070,23,4,10.423527447894209,4,1400,3855,1555,31,90,1155
8.3,5,1.6,1982,1573,90,4,13.8,2,1610,4355,1380,58,167,2118.954230712567
8.9,5,1.8,2003,1834,125,4,11.5,5,1716,4516,1425,60,195,1770
5.7,5,2.4,2015,2400,190,5,8.9,5,1899,4638,1545,67,205,2300
7,5,1.4,2010,1390,98,4,11.2,4,1940,4261,1439,50,186,1500
14.4,5,3.2,1993,3165,177,6,11.5,5,1835,4795,1840,85,170,2600
11.2,5,3.6,2008,3564,311,6,6.7,4,1841,4866,1472,66,225,2425
6.2,5,1.4,2008,1399,97,4,12.3,4,1695,4280,1470,45,177,1580
8.2,5,1.8,1996,1794,110,4,9.9,4,1699,4249,1410,55,192,1540
6.7,5,1.3,1992,1299,88,4,11.5,4,1679,4270,1379,55,175,1555
5.3,4,3,2020,2993,249,6,6.2,5,1902,5091,1538,68,250,2640
10.4,4,5.5,2016,5461,557,8,3.7,4,1881,4937,1418,66,250,2415
15.9,4,5.5,2009,5513,550,12,5.2,4,1980,5728,1572,110,250,3260
7.6,5,1.8,1999,1781,125,4,10.7,5,1733,4478,1417,62,201,1795
9.1,2,3,2014,2995,380,6,4.9,2,1923,4470,1309,72,275,2118.954230712567
10.9,4,3.6,2012,3564,328,6,6.2,2,1918,4836,1377,72,250,2170
6.9,5,2,2017,1991,211,4,7.3,5,1815,4425,1515,56,230,1972
7.3,4,1.6,2010,1598,156,4,9,2,1845,4287,1359,55,212,1777
10.8,7,3,2002,2997,210,6,10.423527447894209,5,1920,5110,1550,75,197.15641361256544,2118.954230712567
5.4,4,2.5,2020,2494,152,4,12.1,5,1850,5040,1890,63.83102966998334,197.15641361256544,2535
9,5,2,2018,1998,245,4,7,4,1810,4680,1430,66,230,2125
4.7,2,0.7,2002,698,50,3,18.3,3,1519,2499,1529,22,135,2118.954230712567
8.7,5,2.5,2008,2457,173,4,10.9,5,1770,4730,1545,64,199,1970
5.6,4,1.4,2019,1368,100,4,10.7,3,1627,3571,1488,35,182,1450
9.6,5,3,2001,2999,209,6,8.9,5,1745,4720,1580,64,210,2085
12.7,5,4,2019,3996,650,8,3.6,5,2016,5112,1638,85,305,2118.954230712567
8.8,7,2.9,2004,2902,144,4,15.5,5,1900,4925,1735,75,179,2665
9,5,2.5,1968,2445,75,4,10.423527447894209,4,1885,4770,1620,60,130,1885
15.7,5,5.7,2017,5663,381,8,10.423527447894209,4,2029,5814,1935,120,197.15641361256544,3260
13.5,2,4.2,2007,4163,420,8,4.6,2,1904,4431,1252,75,301,1865
11.7,4,3.8,2012,3799,540,6,2.8,2,1895,4670,1370,74,315,2200
7.8,4,2,2012,1998,200,4,8.2,2,1775,4240,1285,50,210,1700
5.1,5,1.5,2010,1461,110,4,12.1,5,1808,4699,1438,68,192,1946
7.2,5,2,2010,1995,150,4,12.4,5,1860,4656,1728,83,188,2118.954230712567
8.2,5,3,2007,2995,249,6,7.2,4,1820,4825,1425,71,238,2125
9.2,2,2,2001,1998,163,4,8.6,2,1712,4011,1260,60,214,1625
11,5,2.5,2007,2464,152,4,13.5,4,1800,4735,1490,55,163,1980
10.2,5,2.5,1999,2498,280,6,6.3,2,1725,4580,1105,65,250,1705
13.5,5,4.5,2003,4494,315,8,6.3,5,1925,4805,1650,90,225,2478
9.3,5,2,1999,1998,136,4,11,4,1776,4898,1455,75,210,2060
11.1,4,3,1993,2997,324,6,5.1,2,1810,4520,1270,70,250,1790
5.5,4,0.9,1965,887,27,4,10.423527447894209,2,1395,3330,1450,30,90,2118.954230712567
10.7,2,4,2018,3994,720,8,2.9,2,1930,4543,1196,63.83102966998334,341,2118.954230712567
17.5,5,4.9,1994,4942,185,8,16,3,2009,4663,1892,121,160,2118.954230712567
6.4,4,2,2015,1984,230,4,5.3,2,1832,4177,1353,50,250,1735
4.1,5,1.8,2013,1798,99,4,10.3,5,1765,4320,1430,45,180,1790
10.9,5,2.5,2002,2477,81,4,10.423527447894209,5,1785,4685,1870,92,197.15641361256544,2118.954230712567
14.3,4,4.7,2012,4691,460,8,4.8,2,1847,4881,1353,86,298,2350
9.4,4,2,1990,1998,225,4,7.8,2,1690,4420,1260,60,230,1890
18.1,8,6.8,2004,6748,314,10,11,5,2029,5758,1961,166,153,4037
4.7,5,1.6,2015,1598,160,4,9.9,5,1888,4857,1675,58,202,2471
11.9,5,2.5,2006,2494,192,6,9.8,5,1853,4569,1674,67,208,2270
11.9,4,3.6,2004,3596,320,6,5.7,2,1830,4435,1295,64,280,1915
12.8,4,3.2,2000,3165,215,6,10.423527447894209,3,1790,4130,1700,85,197.15641361256544,2118.954230712567
13,5,2.4,2007,2351,126,4,10.423527447894209,5,1780,4768,1830,63.83102966998334,140,2235
7.3,5,1.6,2005,1598,100,4,14.3,5,1694,4042,1624,53,175,1830
7.6,5,1.8,2017,1794,128,4,14.5,5,1790,4405,1690,55,170,1725
13.9,2,6.2,2008,6208,525,8,4.6,2,1820,4562,1317,80,250,2225
12,4,4,2011,3999,420,8,4.6,2,1974,4615,1424,63,250,2080
11.9,4,1.7,2007,1690,79,4,25,2,1640,4540,1640,84,132,1870
12.2,4,3.2,2007,3195,260,6,7,3,1830,4410,1341,70,240,2070
9.5,2,2.3,1997,2295,193,4,7.3,2,1715,3995,1287,53,227,1645
9.4,7,2.4,2010,2349,170,4,10.8,5,1795,4730,1850,66,190,2118.954230712567
5.5,5,2,2015,1997,210,4,8.8,5,1916,4796,1658,70,218,2575
11.5,5,3.5,2007,3498,241,6,8.3,5,1860,4860,1577,80,235,2270
11.4,4,5.2,2020,5204,639,12,3.7,2,1940,4739,1279,78,334,2118.954230712567
7.2,5,2,2012,2000,249,4,6.5,5,1858,4362,1484,55,248,2050
12.9,5,2.5,1996,2445,90,4,20,4,1800,4885,1476,55,147,1800
14.7,4,6,2015,5998,625,12,4.6,4,1976,5295,1488,90,320,2972
7.5,9,1.6,2014,1560,92,4,20.3,5,1895,5135,1942,80,145,2683
9.9,5,2.3,1995,2316,131,4,11.2,5,1750,4810,1435,75,185,1950
11.1,5,4.2,2006,4164,204,6,13.6,5,1940,4890,1890,96,170,3260
10.8,7,3,2008,2987,218,6,9,5,1900,4787,1826,77,191,2920
8.9,6,2,2005,1998,150,4,10.5,5,1810,4285,1610,58,195,1970
9.2,5,2.2,2007,2198,185,4,9,4,1828,4660,1417,70,220,2010
7.4,9,2,2014,1997,120,4,12.8,4,1895,5135,1980,80,160,2791
8.5,5,2,2015,1998,276,4,6.8,4,1833,4966,1454,72,250,2118.954230712567
7.1,5,2,2014,1991,360,4,4.6,4,1777,4691,1416,56,250,2075
15.5,6,3.5,1953,3485,90,6,37,4,1900,5530,1660,80,120,2118.954230712567
9.7,5,3,2011,2995,290,6,6.3,5,1862,4934,1521,80,250,2470
7.2,5,1.4,2011,1368,95,4,15.4,5,1832,4390,1845,60,161,2118.954230712567
13.4,4,5.2,2007,5204,450,10,5.1,4,1897,5062,1424,90,250,2540
13.5,5,4.2,1998,4164,167,6,12.7,5,1940,4890,1880,96,170,3260
11.8,5,5,1984,4949,225,8,10.423527447894209,2,1801,5151,1377,84,197.15641361256544,2118.954230712567
10.9,5,2,2005,1997,265,4,6.1,4,1770,4490,1450,50,245,1885
12.4,5,5,1991,5002,172,8,10.5,4,1968,5439,1415,87,190,2118.954230712567
18.1,9,5.7,1993,5735,210,8,12.5,5,1941,5560,1748,159,169,3266
11.7,2,3.5,2007,3498,313,6,5.7,2,1815,4315,1325,80,250,1820
7.7,5,2.2,2004,2188,150,4,11.5,5,1860,4661,1746,83,190,2605
10.4,5,2.5,1999,2491,280,6,10.423527447894209,4,1755,4760,1400,70,197.15641361256544,2118.954230712567
8.9,5,2,2009,1993,143,6,11.8,4,1810,4805,1450,65,199,1945
12,4,3.4,1997,3387,300,6,6,2,1765,4430,1305,64,275,1765
10.8,5,2.8,2008,2792,280,6,7.5,4,1762,4635,1467,58,250,2060
9,4,1.1,1954,1070,26,4,10.423527447894209,4,1400,3855,1555,31,90,1155
10,5,2,2011,1998,144,4,10.423527447894209,4,1830,4845,1455,70,197.15641361256544,2118.954230712567
10.4,4,2.8,2007,2792,280,6,6.3,5,1798,4642,1449,61,250,2070
6.8,4,1.5,1990,1496,110,4,10.423527447894209,2,1650,3860,1265,40,197.15641361256544,2118.954230712567
12.4,5,2.3,2009,2300,240,4,7.4,5,1870,4635,1655,68,209,2440
7.1,5,2,2015,1991,360,4,4.6,5,1780,4359,1417,56,250,2050
13.9,5,4.9,2001,4941,400,8,5.3,4,1800,4785,1440,70,250,2290
11.5,6,2.3,1996,2295,143,4,15.1,4,1880,4660,1840,78,174,2700
8.9,5,2.5,2014,2477,136,4,17.8,4,1750,5260,1775,75,166,2850
9.3,4,2.2,1998,2157,200,4,8.1,2,1750,4545,1315,60,227,1690
7.5,7,2,2012,1971,136,4,10.423527447894209,5,1820,4662,1590,62,170,2030
9.2,4,3,2019,2979,410,6,4.2,2,1854,4461,1410,52,280,2010
12.8,5,2.5,1997,2498,190,6,10.423527447894209,5,1755,4800,1155,68,197.15641361256544,2118.954230712567
14.3,4,5.9,2013,5935,558,12,4.9,5,1929,5020,1360,90,306,2118.954230712567
8.3,5,2.4,2001,2350,165,4,10.423527447894209,4,1740,4630,1415,64,197.15641361256544,2118.954230712567
14.4,5,5,2008,4999,507,10,4.7,4,1846,4855,1469,70,250,2300
15.9,4,4.2,2004,4244,400,8,5.6,4,1895,5052,1438,90,275,2380
8.6,5,2,2002,1988,160,6,9.5,4,1720,4400,1410,60,197.15641361256544,2118.954230712567
7.7,5,3,2005,2993,204,6,7.4,2,1758,4488,1369,63,235,2040
10.4,5,2.5,1997,2491,280,6,10.423527447894209,4,1755,4715,1390,70,197.15641361256544,2118.954230712567
8.4,4,1.8,2001,1796,182,4,7.5,3,1735,4335,1320,55,220,1565
11.7,4,4.6,2006,4601,300,8,6,2,1877,4775,1407,61,250,2000
8.9,5,2,2002,1998,140,4,11.6,5,1810,4515,1690,78,185,2300
11,5,2.5,1967,2445,75,4,10.423527447894209,5,1800,4810,1630,55,120,2118.954230712567
9.6,5,2.3,2011,2261,260,4,6.1,5,1770,4505,1460,60,250,1925
12.4,5,2.9,1987,2933,140,6,10.423527447894209,3,1727,4112,1775,63.83102966998334,197.15641361256544,2118.954230712567
9.4,5,3,1995,2997,230,6,10.423527447894209,2,1790,4860,1350,78,197.15641361256544,1815
15.7,5,4.7,2011,4691,430,8,5.4,4,1895,5097,1438,90,280,2365
11.4,4,1.3,2004,1308,231,1,6.4,2,1770,4430,1340,61,235,1825
9,5,2.5,1981,2471,85,4,10.423527447894209,5,1826,4729,1397,83,197.15641361256544,2118.954230712567
9.9,2,2,2002,1997,250,4,5.7,2,1750,4135,1290,50,240,1535
9.2,5,2,2004,1994,225,4,6.2,4,1740,4415,1440,60,232,1850
9,4,2,1997,1997,213,4,9.4,2,1745,4385,1293,64,220,1850
10.4,5,2.5,1998,2491,280,6,10.423527447894209,4,1755,4715,1400,70,197.15641361256544,2118.954230712567
3.8,5,1.5,2017,1461,110,4,12.2,5,1870,4866,1465,51,185,2098
16.3,8,4.7,2001,4664,234,8,10.1,5,1940,4890,1850,96,175,3110
4.1,5,1.8,2014,1798,99,4,11.3,5,1775,4615,1575,45,165,2115
12.4,6,4.6,1993,4601,193,8,10.423527447894209,4,1953,5560,1440,75,197.15641361256544,2118.954230712567
8.4,5,2,2012,1984,256,4,5.7,5,1768,4212,1461,60,250,2030
9.1,5,2.3,1991,2299,136,4,9.5,4,1689,4450,1379,60,200,1700
7.4,5,2,2009,1984,210,4,6.9,3,1786,4213,1501,55,238,1890
6.5,5,2,2001,1995,116,4,12.5,5,1760,4650,1660,60,180,2250
5.3,5,1.5,2012,1461,90,4,10.423527447894209,5,1695,4400,1860,55,158,1725
9.2,4,2.5,1988,2479,160,4,8.2,2,1684,4211,1275,63.83102966998334,220,1560
13.5,5,3.7,2008,3653,245,5,9.3,5,1989,4782,1872,87,160,2660
15.3,4,6.3,2020,6262,690,12,3.4,3,1980,4922,1383,91,335,1920
16.8,5,4.7,2002,4664,243,8,12.8,5,1940,5179,1859,94,175,2993
13.9,5,5,2009,4991,580,10,4.5,4,1889,4928,1456,80,250,2565
9.1,5,2.5,2013,2488,133,4,13,4,1825,5045,1720,75,168,2860
16.2,7,2.5,1997,2445,74,4,10.423527447894209,5,1785,4025,2020,78,110,2500
9.3,5,2.5,2006,2522,225,5,6.8,5,1840,4362,1447,55,241,1890
9.7,4,2.3,2007,2261,260,4,6.1,5,1765,4435,1465,55,250,1910
7.9,5,1.6,2008,1598,192,4,7.2,3,1713,4040,1488,45,225,1545
11.4,5,5,1983,4973,231,8,8,4,1821,5286,1440,63.83102966998334,225,2118.954230712567
4.5,5,2,2016,1995,150,4,9.3,5,1800,4556,1641,51,207,2120
7.3,4,1.6,2013,1598,156,4,8.4,2,1845,4287,1359,55,213,1760
6.7,5,1.8,2014,1798,142,4,10.8,4,1755,4575,1435,50,200,1680
12.4,7,3,2004,2972,185,6,12,4,1695,4595,1950,66,170,2125
9,5,1.9,1992,1896,60,4,10.423527447894209,4,1840,4707,1940,63.83102966998334,136,2118.954230712567
10.6,7,2.7,2010,2693,112,4,10.423527447894209,5,1805,4025,2015,78,130,2520
6.5,7,2,2003,1995,116,4,12.5,5,1760,4690,1725,60,180,2250
12.2,4,6.2,2012,6208,517,8,4.2,2,1795,4707,1391,66,300,2015
18.1,5,6,2005,5967,325,8,12,5,2063,4820,1977,121,160,3901
14.7,5,5.4,2005,5408,305,8,8.2,5,1999,5227,1971,106,163,3310
13,6,2.8,2002,2792,204,6,12.4,4,1840,4789,1920,80,194,2660
9.3,5,2.5,2010,2499,143,4,12.5,4,1805,5075,1755,70,158,2980
11.3,5,3,1998,2997,280,6,5.9,4,1800,4805,1180,75,197.15641361256544,2118.954230712567
8.8,5,1.5,1982,1480,75,4,19,4,1550,4250,1480,45,142,1445
11.2,5,3,2001,2997,210,6,8,4,1725,4400,1425,70,230,2118.954230712567
12.5,5,3.8,1992,3795,340,6,5.9,4,1751,4720,1392,63.83102966998334,250,2150
3,5,1.8,2017,1798,98,4,10.6,5,1760,4540,1470,42,180,1790
8.5,5,2,2007,1998,210,4,7.9,4,1762,4635,1466,62,235,1990
5.6,5,1.5,2018,1490,101,4,8.4,5,1809,4481,1432,34,158,2118.954230712567
7.8,5,1.8,2001,1798,125,4,10.9,5,1812,4731,1429,58,205,1875
10.7,7,3.6,2017,3605,287,6,7.6,5,1998,5218,1818,71,229,2724
4.3,5,1.5,2006,1497,77,4,10.9,5,1725,4450,1490,45,170,1725
7.8,4,2,2006,1984,200,4,7.3,5,1769,4578,1447,55,240,1940
12.9,5,2.9,1994,2874,95,5,19.7,5,1905,4640,1735,80,149,2520
12,5,4.2,2006,4196,400,8,5,4,1860,5215,1448,85,250,2246
10.9,5,2.5,2006,2457,280,4,5.4,4,1740,4465,1425,60,255,1880
11.6,5,3.6,2012,3630,258,6,8.9,5,1880,4855,1675,64,207,2586
9.6,5,2.4,2008,2360,175,4,11.8,5,1878,4888,1745,77,188,2425
11,5,2.1,1952,2111,52,4,10.423527447894209,5,1695,4665,1640,55,105,1835
9.2,5,2,2014,1998,268,4,6,4,1795,4595,1475,60,215,2118.954230712567
8,4,1.4,1960,1360,45,4,10.423527447894209,4,1540,4055,1560,35,115,1290
13,4,5,1993,4988,300,12,7.4,2,1855,4780,1340,90,250,2210
9.6,5,3,2008,2995,249,6,7.2,4,1820,4850,1425,71,240,2125
10.3,5,3.8,2014,3778,334,6,6.8,4,1900,5095,1490,75,240,2470
14.1,5,4.6,1998,4565,305,8,6.8,4,1901,4991,1414,70,240,2118.954230712567
11,5,2,2002,1997,280,4,6.2,4,1770,4455,1450,55,242,1770
7.2,5,1.5,2012,1497,109,4,16,4,1686,4269,1492,50,160,1575
11.9,5,4.2,1986,4200,224,8,8.3,2,1828,4910,1406,63.83102966998334,220,2140
10.5,7,2,2017,1984,204,4,9.9,4,1904,5304,1990,80,198,3080
8.5,5,2.2,2012,2198,150,4,12.3,4,1850,5359,1815,80,175,3200
4.5,5,1.4,2007,1422,70,3,14.6,5,1650,3916,1467,45,164,1650
10.2,4,2.3,2007,2261,260,4,6.6,4,1780,4740,1445,64,240,2085
11.1,4,3,2006,2972,187,6,9.8,4,1850,4980,1486,70,208,2253
9,2,3,2007,2996,265,6,6,2,1781,4091,1268,55,250,1650
15.5,4,4,1989,3964,184,6,11.7,2,1676,3879,1735,76,160,2050
8.7,4,1.8,2006,1796,163,4,9.9,2,1740,4652,1413,62,228,2010
7.9,5,1.5,2007,1498,105,4,13.4,4,1740,4465,1440,60,174,1605
10.5,5,2.5,2008,2457,300,4,5.2,5,1795,4415,1470,60,250,2000
11.6,5,3,2004,2967,197,6,10.423527447894209,5,1830,4805,1785,75,197.15641361256544,2118.954230712567
11.7,5,2.5,1979,2525,140,6,11.3,4,1786,4725,1438,65,185,1930
11.3,5,4,2008,3952,258,6,8.5,5,1856,4584,1755,73,202,2475
16,9,5.3,2001,5327,288,8,9.8,5,2002,5570,1865,123,187,3266
5.6,4,1.4,2012,1368,100,4,10.7,3,1627,3546,1488,35,182,1450
11.3,5,5.7,1994,5733,264,8,7.1,4,1968,5439,1415,87,233,2118.954230712567
7.4,5,1.6,2013,1618,200,4,8.2,5,1770,4165,1565,50,200,1846
11.8,7,3.8,2006,3778,209,6,10.423527447894209,5,1996,5095,1750,76,180,2118.954230712567
7.4,5,1.6,2017,1591,204,4,7.6,3,1780,4310,1430,53,230,2118.954230712567
9.1,4,3.5,2006,3498,272,6,6.7,4,1873,4913,1403,80,250,2200
9,4,2,1994,1998,220,4,10.423527447894209,2,1730,4520,1070,65,197.15641361256544,2118.954230712567
10.2,5,2,2002,1994,218,4,6.2,4,1730,4405,1440,60,230,1850
8,5,2,2009,1998,156,4,11.3,5,1747,4414,1533,51,186,1930
11.3,5,3.5,1984,3453,218,6,7.9,4,1798,4859,1430,85,217,2050
11.7,5,2.8,2000,2835,125,4,10.423527447894209,3,1695,4075,1835,75,155,2510
13,5,3.5,1998,3498,235,8,8.4,4,1862,4984,1435,85,240,2280
13.1,7,3.3,2007,3301,177,6,12.2,5,1953,5144,1750,75,196,2585
10,5,3.5,2014,3471,277,6,6.7,5,1870,4685,1680,73,210,2260
8.1,5,2,2012,1998,280,4,6,3,1840,4466,1482,56,250,2045
9.1,5,2.5,1996,2499,115,4,12.3,5,1790,4322,1695,76,162,2118.954230712567
8,5,2,2010,1994,150,4,11.1,4,1780,4730,1505,64,203,2020
11.4,2,3.9,2016,3902,670,8,3,2,1952,4568,1211,78,325,2118.954230712567
10.6,5,2.8,2012,2792,325,6,6,5,1856,4908,1520,70,250,2315
8.9,4,3,2019,2981,450,6,3.9,2,1852,4519,1300,64,306,2040
5.7,2,2,2015,1968,102,4,16.4,4,1904,4904,1990,80,157,2800
17,7,7.7,1980,7695,315,8,12,4,2086,6330,1500,100,200,3405
9.8,5,2,1994,1998,135,4,10.423527447894209,5,1695,4545,1425,60,197.15641361256544,2118.954230712567
8,2,2,2011,1999,160,4,8.9,2,1720,4020,1255,50,194,1355
15.7,5,6,2001,5967,349,8,8.6,5,2004,5052,1885,98,174,3175
9.5,5,1.8,2006,1781,150,4,10.9,4,1765,4803,1444,62,212,2069
14.7,5,2.3,1984,2299,125,4,10.423527447894209,3,1699,4110,1920,96,152,2500
7.7,5,2.5,2020,2498,175,4,10.2,5,1840,4820,1675,60,198,2100
8.5,5,1.8,1993,1799,122,4,12.2,4,1720,4487,1415,62,193,1830
8.7,8,2.5,2002,2497,140,4,12.8,5,1820,4695,1880,63.83102966998334,161,2800
12.1,5,2,2003,1994,265,4,5.5,4,1740,4415,1435,55,238,1860
14.7,8,2.1,1990,2109,95,4,20.8,3,1845,4570,1950,60,127,2450
10.5,4,4.2,2011,4163,450,8,4.6,2,1860,4649,1366,61,250,2215
8.3,4,3,2019,2979,450,6,4,2,1870,4671,1383,60,250,2040
20.6,4,6.8,2003,6750,405,8,6.3,4,1930,5640,1515,100,250,3035
10,5,2,2000,1998,150,4,10.423527447894209,4,1715,4430,1410,60,197.15641361256544,2118.954230712567
4.3,5,1.5,2014,1496,132,4,8.6,5,1770,4295,1605,40,197.15641361256544,2118.954230712567
10.7,5,3.6,2002,3600,272,8,7.5,4,1902,5029,1492,88,250,2440
9.3,7,3,2009,2987,224,6,8.8,5,1922,5157,1661,80,222,2895
10.6,5,2.4,1999,2351,132,4,14.3,4,1775,5010,1800,75,159,2830
8.3,5,2,2010,1984,211,4,6.9,5,1841,4721,1495,64,230,2220
12,5,2.8,1991,2826,116,6,11.6,5,1801,4821,1791,60,145,2118.954230712567
7,4,1.3,1993,1343,75,4,11.3,3,1695,4070,1345,45,170,1370
28.2,2,7,1979,6996,441,8,5.2,2,1758,4625,1234,63.83102966998334,253,2118.954230712567
10.1,5,4,2013,3993,520,8,4.2,4,1949,5146,1458,90,250,2575
9.6,5,2,1999,1994,280,4,10.423527447894209,4,1690,4350,1405,60,197.15641361256544,2118.954230712567
11.3,5,2.4,2001,2435,200,5,9,5,1860,4733,1562,68,200,2220
10.5,5,2,1989,1998,215,6,6.5,4,1695,4580,1105,60,232,2118.954230712567
10.8,5,2,1992,1988,135,6,10.423527447894209,5,1695,4690,1435,64,197.15641361256544,2118.954230712567
6.5,5,1.5,2018,1498,100,4,10.423527447894209,4,1705,4620,1495,63.83102966998334,180,1530
7.7,5,2,2005,1984,200,4,7,5,1765,4286,1423,60,236,1940
9.6,4,2.4,2007,2435,170,5,10,2,1820,4582,1400,62,215,2050
3.8,5,1.3,2015,1339,100,4,13.7,5,1702,4064,1525,40,197.15641361256544,2118.954230712567
11.1,5,2.6,1997,2598,150,6,10.1,4,1783,4797,1430,70,208,2090
14.9,5,4,1997,3947,182,8,11.5,5,1810,4524,1968,89,170,2720
7.1,5,1.4,1998,1397,82,4,12.9,5,1719,3575,1575,54,170,1480
9.4,2,2,1991,1998,245,4,10.423527447894209,2,1695,4180,1240,55,197.15641361256544,2118.954230712567
10.4,2,3.2,2003,3199,215,6,6.9,2,1766,4058,1296,60,250,1665
9.2,5,2.1,2008,2099,156,6,10.8,4,1789,4672,1430,61,205,1950
8.7,8,2.5,2007,2497,140,4,12.8,5,1820,4695,1880,65,161,2800
8.2,4,2,1990,1998,115,4,10,2,1688,4492,1320,63,205,1610
6.7,5,1.6,2016,1591,130,4,10.8,5,1780,4485,1500,53,192,1820
11.2,4,4.3,1998,4266,279,8,6.3,2,1720,4569,1369,62,250,1960
12.7,5,3.7,2003,3724,235,6,9.1,5,1839,4638,1821,83,205,2870
7.6,4,3,2008,2987,224,6,7,4,1873,4917,1430,80,246,2280
6.7,5,1.4,2008,1368,120,4,9.6,5,1792,4336,1498,58,195,1785
9,5,1.6,2014,1596,178,4,9.7,5,1838,4524,1684,57,197.15641361256544,2118.954230712567
10.2,4,3.8,1998,3797,147,6,10.6,2,1877,4610,1412,58,195,2118.954230712567
12,5,2.8,2007,2792,215,6,8.4,4,1795,4828,1440,66,225,2160
11.1,4,4.8,2008,4799,367,8,5.2,2,1855,4820,1373,70,250,2090
9.4,4,1.8,2000,1781,225,4,6.6,2,1764,4041,1346,55,243,1765
10.3,5,2.5,2006,2457,230,4,5.9,4,1740,4465,1440,60,230,1860
8.6,7,2,2004,1998,156,4,9.3,5,1695,4575,1590,55,205,2035
13.2,5,2.7,2001,2671,250,6,7.7,5,1852,4810,1551,70,234,2425
5.3,5,1.2,2013,1199,72,3,15.1,4,1748,4427,1466,50,160,1459
7,8,2,2003,1998,152,4,10.423527447894209,5,1695,4560,1850,60,197.15641361256544,2118.954230712567
4.7,5,1.5,2013,1461,90,4,13.3,5,2138,4321,1255,60,160,1885
13.3,7,3.4,2000,3378,180,6,10.423527447894209,5,1800,4790,1965,75,197.15641361256544,2118.954230712567
7.5,5,1.6,1988,1595,75,4,13,3,1700,4053,1415,55,167,1400
7.4,4,3,2017,2998,340,6,4.4,2,1774,4432,1418,52,250,2050
11.6,5,2.5,2003,2497,177,6,9.5,4,1970,4747,1424,65,216,1940
11.1,5,3,1988,2996,188,6,9.4,4,1844,4910,1412,90,225,2130
12,5,3.3,2000,3248,237,8,8.5,4,1799,5024,1314,81,225,2260
8.2,5,1.8,2004,1796,117,4,9.5,5,1688,3990,1419,50,185,1550
12.4,5,4.7,2002,4664,235,8,8,5,1875,4800,1755,87,188,2500
9.6,5,1.6,1991,1589,80,4,15,3,1630,3632,1662,55,144,1450
10.5,5,2,2002,1997,240,4,10.423527447894209,5,1750,4465,1550,60,197.15641361256544,2118.954230712567
17.5,5,4.5,1995,4476,215,6,10.423527447894209,5,1930,4970,1860,95,197.15641361256544,2118.954230712567
7.4,7,2,2014,1997,150,4,12.5,5,1695,4690,1815,60,197.15641361256544,2118.954230712567
9.4,5,2,2003,1998,260,4,10.423527447894209,5,1740,4510,1445,60,197.15641361256544,2118.954230712567
8,4,2,2008,1975,143,4,9.1,3,1760,4395,1330,55,208,1740
14.6,5,3,1992,2959,143,6,15.3,5,1690,4490,1775,65,165,2510
11.7,4,4.4,2004,4398,333,8,5.6,2,1855,4820,1373,70,250,2065
15.8,2,3,1952,2996,150,6,15,2,1910,4730,1510,85,175,2000
10.2,5,3,1995,2997,220,6,10.423527447894209,4,1710,4840,1450,73,197.15641361256544,2118.954230712567
7.9,4,2.5,1996,2495,250,6,6,2,1755,4545,1090,72,249,1655
13.2,2,6.2,2014,6208,591,8,3.7,2,1939,4638,1261,85,320,1960
10.5,5,3.2,1992,3206,205,6,8.8,2,1810,4880,1375,68,226,2150
7.3,5,1.6,2012,1600,114,4,13.8,5,1780,4450,1615,60,175,1900
6.6,5,1.6,2018,1600,114,4,13.9,5,1800,4465,1615,63.83102966998334,175,1940
6.9,5,1.3,1996,1299,75,4,12.5,3,1680,3880,1365,50,170,1445
15.5,2,6,1994,5987,394,12,6.1,2,1811,4499,1290,80,250,2320
10.4,2,2.8,2000,2793,193,6,7.2,2,1740,4050,1288,51,216,1550
11.9,5,3,2020,2979,430,6,4.7,4,1945,4971,1461,80,286,2370
7.2,5,1.5,1995,1489,88,4,10.9,5,1695,4245,1355,55,175,1580
6.8,5,1.7,2011,1699,116,4,11.5,5,1764,3883,1593,54,183,1705
9.8,5,2,2003,1994,177,4,8.7,5,1735,4485,1650,60,195,2118.954230712567
5.1,2,0.7,2004,698,82,3,10.9,2,1615,3427,1192,35,175,2118.954230712567
7.9,5,1.8,2000,1781,150,4,8.5,5,1735,4149,1439,55,216,1740
10.6,5,2.5,2001,2491,280,6,10.423527447894209,4,1760,4735,1460,70,197.15641361256544,2118.954230712567
9.2,5,2.4,1994,2435,170,5,10.2,5,1761,4709,1415,73,200,1970
9.4,5,3,2009,2995,333,6,5.3,4,1826,4717,1406,64,250,2235
8.3,5,2,2006,1996,141,4,11,4,1792,4844,1394,60,205,1990
6,5,1.8,2012,1798,170,4,8.4,5,1826,4703,1436,65,215,2100
10,5,2,1993,1988,135,6,10.423527447894209,4,1750,4750,1155,70,197.15641361256544,2118.954230712567
7.2,5,1.8,1984,1781,90,4,12,4,1810,4790,1420,80,176,1640
8.5,5,2.5,2007,2457,173,4,10.8,4,1730,4665,1425,64,217,1800
9.2,2,4.7,2012,4663,435,8,4.6,2,2099,4617,1315,65,250,2165
15.1,5,5.7,1997,5733,254,8,9.5,5,1941,5057,1829,113,187,3195
7.2,5,1.8,2008,1798,125,4,11,5,1770,4522,1457,55,200,1890
10.9,4,3.6,2014,3564,326,6,6.2,2,1918,4836,1377,72,250,2170
8.5,4,2,2010,1984,256,4,5.5,3,1765,4214,1399,60,250,2015
8.8,5,1.5,1977,1480,75,4,19,4,1550,4250,1480,45,140,1545
7.8,5,1.6,1998,1587,110,4,11.7,4,1710,4490,1425,60,195,1775
12.5,5,3,1993,2986,140,6,12,4,1808,4877,1374,60,189,2118.954230712567
11.4,4,4.6,2013,4608,370,8,6.3,4,1875,5090,1465,84,250,2335
5.9,5,2,2014,1968,177,4,9.6,5,1905,4854,1720,70,205,2370
5.7,5,2,2008,1968,140,4,9.3,5,1768,4315,1458,55,205,1925
10.3,5,2.4,1988,2397,130,6,11,5,1760,4469,1440,70,190,1850
11.6,4,4.6,2009,4608,367,8,6.3,4,1875,5030,1465,84,250,2640
12.4,4,4.2,2005,4196,395,8,5.6,4,1818,4905,1447,68,250,2275
8.9,5,2.4,2008,2360,172,4,11.3,4,1843,4850,1497,64,200,2040
